test0,test0_from_core,test0_to_core,test0_avg_latency,test1,test1_from_core,test1_to_core,test1_avg_latency
14,0,1,41.2,14,2,3,19.7
14,0,1,16.6,14,2,4,9.0
14,0,1,20.6,14,2,5,17.3
14,0,1,14.1,14,2,6,4.7
14,0,1,18.4,14,2,7,18.4
14,0,1,19.8,14,2,8,3.9
14,0,1,23.4,14,2,9,15.6
14,0,1,30.6,14,2,10,29.6
14,0,1,5.1,14,2,11,32.4
14,0,1,44.0,14,3,4,22.0
14,0,1,19.1,14,3,5,40.1
14,0,1,18.0,14,3,6,16.5
14,0,1,19.8,14,3,7,21.6
14,0,1,6.5,14,3,8,17.0
14,0,1,22.0,14,3,9,7.2
14,0,1,18.5,14,3,10,10.9
14,0,1,4.9,14,3,11,0.0
14,0,1,23.8,14,4,5,10.5
14,0,1,6.0,14,4,6,10.9
14,0,1,24.2,14,4,7,18.8
14,0,1,26.3,14,4,8,33.9
14,0,1,32.3,14,4,9,16.0
14,0,1,17.3,14,4,10,17.7
14,0,1,23.1,14,4,11,10.7
14,0,1,48.3,14,5,6,12.9
14,0,1,21.3,14,5,7,11.8
14,0,1,22.4,14,5,8,4.2
14,0,1,47.6,14,5,9,49.4
14,0,1,24.2,14,5,10,13.4
14,0,1,18.4,14,5,11,4.6
14,0,1,4.6,14,6,7,5.4
14,0,1,20.2,14,6,8,33.2
14,0,1,7.2,14,6,9,20.6
14,0,1,19.8,14,6,10,20.6
14,0,1,14.4,14,6,11,5.6
14,0,1,5.7,14,7,8,10.7
14,0,1,28.5,14,7,9,24.9
14,0,1,13.2,14,7,10,29.6
14,0,1,28.1,14,7,11,16.4
14,0,1,7.9,14,8,9,4.3
14,0,1,5.0,14,8,10,28.5
14,0,1,3.8,14,8,11,5.9
14,0,1,3.7,14,9,10,45.8
14,0,1,3.4,14,9,11,6.9
14,0,1,16.6,14,10,11,6.3
14,0,2,16.2,14,1,3,47.9
14,0,2,16.2,14,1,4,23.8
14,0,2,3.6,14,1,5,11.3
14,0,2,14.4,14,1,6,5.1
14,0,2,15.2,14,1,7,14.1
14,0,2,6.0,14,1,8,4.7
14,0,2,19.5,14,1,9,7.2
14,0,2,28.5,14,1,10,16.6
14,0,2,25.6,14,1,11,41.8
14,0,2,17.0,14,3,4,8.1
14,0,2,31.4,14,3,5,11.2
14,0,2,20.2,14,3,6,10.6
14,0,2,4.4,14,3,7,17.0
14,0,2,28.1,14,3,8,27.8
14,0,2,25.2,14,3,9,16.2
14,0,2,20.9,14,3,10,22.7
14,0,2,14.1,14,3,11,11.1
14,0,2,22.0,14,4,5,9.2
14,0,2,16.2,14,4,6,18.8
14,0,2,28.5,14,4,7,17.7
14,0,2,20.1,14,4,8,10.9
14,0,2,22.7,14,4,9,18.0
14,0,2,24.1,14,4,10,21.3
14,0,2,24.9,14,4,11,7.3
14,0,2,25.2,14,5,6,16.0
14,0,2,6.2,14,5,7,7.1
14,0,2,19.9,14,5,8,16.1
14,0,2,9.3,14,5,9,57.3
14,0,2,25.2,14,5,10,3.9
14,0,2,26.0,14,5,11,6.4
14,0,2,7.3,14,6,7,8.5
14,0,2,6.0,14,6,8,6.1
14,0,2,20.6,14,6,9,3.8
14,0,2,23.1,14,6,10,18.0
14,0,2,23.8,14,6,11,3.5
14,0,2,6.8,14,7,8,6.7
14,0,2,42.9,14,7,9,25.2
14,0,2,18.0,14,7,10,20.9
14,0,2,15.5,14,7,11,3.4
14,0,2,10.8,14,8,9,0.0
14,0,2,17.5,14,8,10,46.8
14,0,2,13.7,14,8,11,3.3
14,0,2,16.6,14,9,10,22.0
14,0,2,10.5,14,9,11,5.0
14,0,2,9.1,14,10,11,3.3
14,0,3,23.4,14,1,2,19.8
14,0,3,6.8,14,1,4,14.4
14,0,3,11.6,14,1,5,10.0
14,0,3,5.8,14,1,6,10.1
14,0,3,17.0,14,1,7,7.9
14,0,3,22.0,14,1,8,4.0
14,0,3,18.8,14,1,9,15.4
14,0,3,7.8,14,1,10,43.2
14,0,3,18.0,14,1,11,9.1
14,0,3,13.7,14,2,4,6.5
14,0,3,3.6,14,2,5,11.2
14,0,3,19.1,14,2,6,12.5
14,0,3,3.7,14,2,7,5.0
14,0,3,18.4,14,2,8,22.0
14,0,3,18.8,14,2,9,16.5
14,0,3,3.8,14,2,10,17.7
14,0,3,15.9,14,2,11,10.5
14,0,3,3.9,14,4,5,8.6
14,0,3,16.2,14,4,6,7.1
14,0,3,18.8,14,4,7,15.9
14,0,3,3.4,14,4,8,11.2
14,0,3,7.9,14,4,9,11.2
14,0,3,3.3,14,4,10,18.4
14,0,3,13.7,14,4,11,5.0
14,0,3,15.5,14,5,6,19.5
14,0,3,18.8,14,5,7,15.5
14,0,3,14.4,14,5,8,24.9
14,0,3,16.1,14,5,9,15.4
14,0,3,22.3,14,5,10,22.8
14,0,3,19.8,14,5,11,3.5
14,0,3,27.0,14,6,7,25.2
14,0,3,15.0,14,6,8,33.2
14,0,3,18.7,14,6,9,19.3
14,0,3,3.6,14,6,10,17.0
14,0,3,6.9,14,6,11,11.3
14,0,3,24.2,14,7,8,29.9
14,0,3,39.3,14,7,9,49.4
14,0,3,18.8,14,7,10,7.7
14,0,3,37.7,14,7,11,10.0
14,0,3,21.4,14,8,9,15.9
14,0,3,3.5,14,8,10,34.2
14,0,3,16.6,14,8,11,7.2
14,0,3,23.1,14,9,10,3.5
14,0,3,27.4,14,9,11,8.5
14,0,3,15.9,14,10,11,9.3
14,0,4,8.3,14,1,2,16.2
14,0,4,28.1,14,1,3,16.2
14,0,4,6.3,14,1,5,17.1
14,0,4,21.6,14,1,6,13.4
14,0,4,3.4,14,1,7,18.8
14,0,4,96.2,14,1,8,16.6
14,0,4,19.1,14,1,9,6.4
14,0,4,18.0,14,1,10,34.6
14,0,4,8.3,14,1,11,12.2
14,0,4,15.9,14,2,3,18.8
14,0,4,16.2,14,2,5,5.2
14,0,4,20.2,14,2,6,7.7
14,0,4,18.4,14,2,7,13.0
14,0,4,20.2,14,2,8,4.4
14,0,4,15.9,14,2,9,14.4
14,0,4,27.4,14,2,10,27.4
14,0,4,18.0,14,2,11,7.9
14,0,4,16.6,14,3,5,4.2
14,0,4,20.2,14,3,6,17.6
14,0,4,21.6,14,3,7,36.8
14,0,4,20.2,14,3,8,17.3
14,0,4,18.4,14,3,9,10.1
14,0,4,18.4,14,3,10,11.4
14,0,4,4.1,14,3,11,9.2
14,0,4,21.5,14,5,6,9.9
14,0,4,15.1,14,5,7,20.6
14,0,4,18.4,14,5,8,6.7
14,0,4,20.2,14,5,9,19.1
14,0,4,8.9,14,5,10,18.8
14,0,4,12.0,14,5,11,9.4
14,0,4,19.5,14,6,7,19.8
14,0,4,18.4,14,6,8,19.8
14,0,4,27.4,14,6,9,13.5
14,0,4,32.8,14,6,10,39.3
14,0,4,19.5,14,6,11,3.5
14,0,4,7.5,14,7,8,43.7
14,0,4,21.3,14,7,9,9.6
14,0,4,30.6,14,7,10,21.3
14,0,4,15.6,14,7,11,16.6
14,0,4,18.0,14,8,9,12.2
14,0,4,51.2,14,8,10,28.8
14,0,4,41.8,14,8,11,6.7
14,0,4,13.5,14,9,10,5.0
14,0,4,15.5,14,9,11,3.8
14,0,4,28.1,14,10,11,19.6
14,0,5,12.6,14,1,2,17.7
14,0,5,9.7,14,1,3,34.2
14,0,5,4.4,14,1,4,25.6
14,0,5,6.8,14,1,6,9.4
14,0,5,6.9,14,1,7,6.4
14,0,5,6.8,14,1,8,49.7
14,0,5,8.7,14,1,9,24.2
14,0,5,5.9,14,1,10,32.8
14,0,5,16.4,14,1,11,35.3
14,0,5,7.6,14,2,3,35.3
14,0,5,7.3,14,2,4,59.1
14,0,5,3.5,14,2,6,5.9
14,0,5,13.0,14,2,7,18.8
14,0,5,10.7,14,2,8,4.0
14,0,5,15.9,14,2,9,50.8
14,0,5,7.2,14,2,10,9.4
14,0,5,27.8,14,2,11,28.5
14,0,5,9.0,14,3,4,17.3
14,0,5,7.3,14,3,6,10.8
14,0,5,6.3,14,3,7,15.9
14,0,5,6.2,14,3,8,11.8
14,0,5,3.9,14,3,9,16.2
14,0,5,5.2,14,3,10,16.6
14,0,5,6.6,14,3,11,9.1
14,0,5,3.5,14,4,6,12.5
14,0,5,3.3,14,4,7,48.3
14,0,5,6.4,14,4,8,15.5
14,0,5,10.1,14,4,9,10.0
14,0,5,10.9,14,4,10,4.8
14,0,5,22.4,14,4,11,17.7
14,0,5,10.8,14,6,7,31.4
14,0,5,11.1,14,6,8,7.5
14,0,5,8.9,14,6,9,6.1
14,0,5,4.1,14,6,10,15.5
14,0,5,18.2,14,6,11,25.9
14,0,5,8.2,14,7,8,9.8
14,0,5,7.4,14,7,9,3.9
14,0,5,25.7,14,7,10,10.2
14,0,5,30.4,14,7,11,29.2
14,0,5,12.7,14,8,9,16.4
14,0,5,3.8,14,8,10,15.9
14,0,5,31.4,14,8,11,16.2
14,0,5,3.8,14,9,10,19.5
14,0,5,9.0,14,9,11,12.9
14,0,5,20.0,14,10,11,9.9
14,0,6,4.7,14,1,2,5.1
14,0,6,7.1,14,1,3,16.6
14,0,6,3.5,14,1,4,19.8
14,0,6,3.7,14,1,5,5.9
14,0,6,4.9,14,1,7,17.7
14,0,6,3.5,14,1,8,32.1
14,0,6,10.4,14,1,9,23.1
14,0,6,3.7,14,1,10,35.3
14,0,6,4.2,14,1,11,13.0
14,0,6,3.5,14,2,3,22.7
14,0,6,4.8,14,2,4,20.2
14,0,6,4.9,14,2,5,6.7
14,0,6,6.5,14,2,7,17.7
14,0,6,4.4,14,2,8,15.9
14,0,6,7.2,14,2,9,33.5
14,0,6,3.7,14,2,10,8.9
14,0,6,4.9,14,2,11,11.9
14,0,6,17.9,14,3,4,41.0
14,0,6,3.5,14,3,5,4.4
14,0,6,7.5,14,3,7,19.1
14,0,6,10.2,14,3,8,7.5
14,0,6,7.5,14,3,9,3.4
14,0,6,7.1,14,3,10,3.6
14,0,6,3.7,14,3,11,39.8
14,0,6,3.7,14,4,5,4.1
14,0,6,7.5,14,4,7,4.4
14,0,6,4.3,14,4,8,19.5
14,0,6,5.2,14,4,9,17.0
14,0,6,6.5,14,4,10,7.1
14,0,6,3.6,14,4,11,6.7
14,0,6,4.4,14,5,7,4.7
14,0,6,3.6,14,5,8,17.7
14,0,6,3.5,14,5,9,19.1
14,0,6,9.8,14,5,10,25.6
14,0,6,7.2,14,5,11,6.0
14,0,6,4.8,14,7,8,4.0
14,0,6,7.5,14,7,9,32.4
14,0,6,9.3,14,7,10,17.0
14,0,6,5.6,14,7,11,6.7
14,0,6,4.5,14,8,9,24.9
14,0,6,4.5,14,8,10,27.8
14,0,6,4.0,14,8,11,31.1
14,0,6,7.2,14,9,10,10.4
14,0,6,6.3,14,9,11,40.0
14,0,6,4.1,14,10,11,3.6
14,0,7,4.0,14,1,2,15.9
14,0,7,16.2,14,1,3,18.4
14,0,7,4.3,14,1,4,27.8
14,0,7,24.5,14,1,5,6.0
14,0,7,21.3,14,1,6,4.0
14,0,7,5.3,14,1,8,16.6
14,0,7,6.8,14,1,9,9.2
14,0,7,3.5,14,1,10,7.7
14,0,7,15.2,14,1,11,6.8
14,0,7,19.5,14,2,3,20.9
14,0,7,23.8,14,2,4,33.5
14,0,7,17.3,14,2,5,13.7
14,0,7,4.0,14,2,6,5.1
14,0,7,16.6,14,2,8,17.0
14,0,7,6.8,14,2,9,19.1
14,0,7,16.6,14,2,10,18.4
14,0,7,6.5,14,2,11,6.7
14,0,7,18.8,14,3,4,20.2
14,0,7,20.2,14,3,5,15.5
14,0,7,17.3,14,3,6,15.1
14,0,7,20.9,14,3,8,17.7
14,0,7,6.2,14,3,9,6.8
14,0,7,22.4,14,3,10,34.2
14,0,7,20.2,14,3,11,6.4
14,0,7,26.0,14,4,5,12.8
14,0,7,14.8,14,4,6,4.7
14,0,7,14.4,14,4,8,3.8
14,0,7,18.4,14,4,9,16.6
14,0,7,22.0,14,4,10,8.2
14,0,7,26.8,14,4,11,7.0
14,0,7,14.8,14,5,6,7.1
14,0,7,17.3,14,5,8,6.1
14,0,7,15.9,14,5,9,34.6
14,0,7,15.5,14,5,10,7.8
14,0,7,16.2,14,5,11,5.9
14,0,7,17.7,14,6,8,24.5
14,0,7,19.1,14,6,9,22.4
14,0,7,6.6,14,6,10,26.7
14,0,7,3.7,14,6,11,6.6
14,0,7,23.1,14,8,9,19.5
14,0,7,21.3,14,8,10,49.0
14,0,7,3.8,14,8,11,9.3
14,0,7,6.1,14,9,10,22.0
14,0,7,42.1,14,9,11,29.7
14,0,7,3.6,14,10,11,20.4
14,0,8,18.4,14,1,2,17.0
14,0,8,17.0,14,1,3,10.0
14,0,8,14.1,14,1,4,19.8
14,0,8,20.6,14,1,5,13.1
14,0,8,18.8,14,1,6,4.0
14,0,8,3.9,14,1,7,16.2
14,0,8,18.4,14,1,9,45.6
14,0,8,16.6,14,1,10,21.3
14,0,8,18.0,14,1,11,9.2
14,0,8,24.2,14,2,3,3.6
14,0,8,23.8,14,2,4,6.7
14,0,8,21.6,14,2,5,20.1
14,0,8,18.4,14,2,6,4.8
14,0,8,5.0,14,2,7,31.7
14,0,8,18.0,14,2,9,19.8
14,0,8,11.9,14,2,10,7.0
14,0,8,10.8,14,2,11,13.5
14,0,8,14.1,14,3,4,23.1
14,0,8,21.6,14,3,5,5.2
14,0,8,17.7,14,3,6,10.2
14,0,8,7.8,14,3,7,3.3
14,0,8,22.4,14,3,9,3.5
14,0,8,7.4,14,3,10,18.4
14,0,8,20.6,14,3,11,6.1
14,0,8,6.8,14,4,5,36.0
14,0,8,19.5,14,4,6,4.5
14,0,8,18.8,14,4,7,14.8
14,0,8,6.4,14,4,9,42.5
14,0,8,11.4,14,4,10,20.6
14,0,8,49.8,14,4,11,18.4
14,0,8,14.8,14,5,6,9.4
14,0,8,6.1,14,5,7,4.7
14,0,8,4.6,14,5,9,16.6
14,0,8,19.7,14,5,10,23.1
14,0,8,6.4,14,5,11,9.4
14,0,8,18.0,14,6,7,6.9
14,0,8,4.2,14,6,9,6.0
14,0,8,20.6,14,6,10,19.1
14,0,8,14.2,14,6,11,12.4
14,0,8,20.6,14,7,9,56.9
14,0,8,10.8,14,7,10,23.1
14,0,8,20.9,14,7,11,3.6
14,0,8,6.5,14,9,10,11.6
14,0,8,24.9,14,9,11,6.8
14,0,8,16.4,14,10,11,3.7
14,0,9,21.3,14,1,2,19.8
14,0,9,24.5,14,1,3,33.2
14,0,9,23.4,14,1,4,11.5
14,0,9,15.2,14,1,5,23.4
14,0,9,20.2,14,1,6,8.6
14,0,9,11.9,14,1,7,24.9
14,0,9,20.2,14,1,8,7.1
14,0,9,16.2,14,1,10,4.9
14,0,9,9.3,14,1,11,6.1
14,0,9,32.1,14,2,3,39.3
14,0,9,21.3,14,2,4,3.8
14,0,9,48.3,14,2,5,10.5
14,0,9,24.9,14,2,6,7.9
14,0,9,18.4,14,2,7,7.0
14,0,9,16.6,14,2,8,14.4
14,0,9,17.0,14,2,10,20.6
14,0,9,9.6,14,2,11,5.8
14,0,9,9.1,14,3,4,3.8
14,0,9,29.6,14,3,5,9.1
14,0,9,14.1,14,3,6,18.8
14,0,9,7.2,14,3,7,43.2
14,0,9,8.2,14,3,8,11.9
14,0,9,11.6,14,3,10,18.4
14,0,9,13.0,14,3,11,3.4
14,0,9,6.7,14,4,5,7.8
14,0,9,16.9,14,4,6,10.5
14,0,9,7.1,14,4,7,18.0
14,0,9,3.7,14,4,8,22.4
14,0,9,15.5,14,4,10,22.0
14,0,9,4.3,14,4,11,11.2
14,0,9,18.0,14,5,6,21.1
14,0,9,15.9,14,5,7,17.0
14,0,9,16.2,14,5,8,15.9
14,0,9,14.4,14,5,10,6.5
14,0,9,3.6,14,5,11,4.7
14,0,9,4.2,14,6,7,18.8
14,0,9,25.6,14,6,8,21.3
14,0,9,23.8,14,6,10,18.0
14,0,9,20.6,14,6,11,6.5
14,0,9,7.7,14,7,8,3.8
14,0,9,10.7,14,7,10,3.4
14,0,9,3.9,14,7,11,6.9
14,0,9,21.3,14,8,10,18.8
14,0,9,17.7,14,8,11,6.1
14,0,9,3.4,14,10,11,9.0
14,0,10,6.5,14,1,2,17.7
14,0,10,22.0,14,1,3,4.2
14,0,10,32.8,14,1,4,31.4
14,0,10,20.6,14,1,5,4.7
14,0,10,19.8,14,1,6,8.3
14,0,10,12.8,14,1,7,15.4
14,0,10,6.5,14,1,8,8.1
14,0,10,11.4,14,1,9,5.9
14,0,10,19.8,14,1,11,3.5
14,0,10,3.6,14,2,3,24.5
14,0,10,24.1,14,2,4,25.6
14,0,10,14.8,14,2,5,7.0
14,0,10,19.1,14,2,6,6.2
14,0,10,3.9,14,2,7,18.0
14,0,10,3.8,14,2,8,15.5
14,0,10,17.3,14,2,9,9.7
14,0,10,23.1,14,2,11,18.6
14,0,10,29.6,14,3,4,26.7
14,0,10,18.4,14,3,5,8.3
14,0,10,18.8,14,3,6,25.2
14,0,10,10.2,14,3,7,47.8
14,0,10,4.2,14,3,8,24.9
14,0,10,19.8,14,3,9,3.6
14,0,10,19.8,14,3,11,11.3
14,0,10,32.1,14,4,5,9.5
14,0,10,26.7,14,4,6,13.0
14,0,10,19.1,14,4,7,17.0
14,0,10,12.8,14,4,8,21.3
14,0,10,12.5,14,4,9,18.4
14,0,10,31.7,14,4,11,8.3
14,0,10,18.8,14,5,6,27.2
14,0,10,3.4,14,5,7,16.6
14,0,10,19.1,14,5,8,20.6
14,0,10,6.0,14,5,9,20.2
14,0,10,3.8,14,5,11,8.6
14,0,10,30.6,14,6,7,18.4
14,0,10,9.3,14,6,8,17.0
14,0,10,3.4,14,6,9,19.8
14,0,10,15.9,14,6,11,10.8
14,0,10,6.7,14,7,8,29.2
14,0,10,22.0,14,7,9,25.6
14,0,10,17.7,14,7,11,8.7
14,0,10,18.8,14,8,9,17.7
14,0,10,4.3,14,8,11,7.9
14,0,10,19.5,14,9,11,13.4
14,0,11,21.2,14,1,2,16.2
14,0,11,5.7,14,1,3,3.5
14,0,11,11.9,14,1,4,22.4
14,0,11,16.2,14,1,5,20.2
14,0,11,15.2,14,1,6,9.4
14,0,11,19.3,14,1,7,4.8
14,0,11,18.5,14,1,8,41.0
14,0,11,10.1,14,1,9,16.2
14,0,11,8.7,14,1,10,17.3
14,0,11,15.1,14,2,3,19.8
14,0,11,7.8,14,2,4,16.6
14,0,11,14.0,14,2,5,15.6
14,0,11,3.8,14,2,6,13.4
14,0,11,3.9,14,2,7,8.2
14,0,11,10.5,14,2,8,16.6
14,0,11,4.1,14,2,9,17.0
14,0,11,6.7,14,2,10,20.6
14,0,11,5.8,14,3,4,4.7
14,0,11,15.3,14,3,5,12.1
14,0,11,6.7,14,3,6,21.6
14,0,11,6.8,14,3,7,8.4
14,0,11,9.9,14,3,8,15.2
14,0,11,4.0,14,3,9,16.6
14,0,11,5.5,14,3,10,13.6
14,0,11,15.4,14,4,5,35.9
14,0,11,3.9,14,4,6,10.1
14,0,11,4.6,14,4,7,20.7
14,0,11,8.6,14,4,8,6.6
14,0,11,3.7,14,4,9,17.7
14,0,11,4.5,14,4,10,17.0
14,0,11,29.4,14,5,6,12.9
14,0,11,17.4,14,5,7,16.9
14,0,11,29.8,14,5,8,8.7
14,0,11,13.7,14,5,9,24.2
14,0,11,9.7,14,5,10,3.9
14,0,11,11.6,14,6,7,11.5
14,0,11,4.1,14,6,8,6.6
14,0,11,8.1,14,6,9,16.6
14,0,11,9.6,14,6,10,12.5
14,0,11,12.1,14,7,8,5.8
14,0,11,13.1,14,7,9,15.2
14,0,11,8.6,14,7,10,18.4
14,0,11,9.9,14,8,9,22.7
14,0,11,7.3,14,8,10,17.3
14,0,11,15.4,14,9,10,4.2
14,1,2,16.6,14,0,3,18.0
14,1,2,7.3,14,0,4,19.5
14,1,2,14.4,14,0,5,6.6
14,1,2,17.3,14,0,6,4.3
14,1,2,6.0,14,0,7,4.0
14,1,2,6.0,14,0,8,8.0
14,1,2,21.6,14,0,9,20.9
14,1,2,8.6,14,0,10,24.5
14,1,2,4.6,14,0,11,12.5
14,1,2,27.0,14,3,4,18.8
14,1,2,26.0,14,3,5,10.2
14,1,2,7.0,14,3,6,16.2
14,1,2,19.5,14,3,7,20.3
14,1,2,12.3,14,3,8,11.0
14,1,2,34.6,14,3,9,6.1
14,1,2,25.6,14,3,10,20.6
14,1,2,12.0,14,3,11,41.0
14,1,2,15.0,14,4,5,3.5
14,1,2,8.0,14,4,6,17.7
14,1,2,19.1,14,4,7,4.8
14,1,2,9.6,14,4,8,14.1
14,1,2,12.5,14,4,9,19.5
14,1,2,18.4,14,4,10,7.1
14,1,2,20.9,14,4,11,31.4
14,1,2,3.7,14,5,6,5.4
14,1,2,19.5,14,5,7,5.0
14,1,2,18.3,14,5,8,6.9
14,1,2,17.3,14,5,9,6.0
14,1,2,3.7,14,5,10,27.8
14,1,2,20.6,14,5,11,15.4
14,1,2,14.4,14,6,7,6.0
14,1,2,15.5,14,6,8,20.6
14,1,2,17.7,14,6,9,45.4
14,1,2,19.1,14,6,10,17.7
14,1,2,20.6,14,6,11,43.5
14,1,2,15.2,14,7,8,18.4
14,1,2,8.5,14,7,9,22.0
14,1,2,7.6,14,7,10,22.4
14,1,2,9.0,14,7,11,5.2
14,1,2,7.5,14,8,9,23.4
14,1,2,9.2,14,8,10,22.4
14,1,2,4.8,14,8,11,7.3
14,1,2,3.5,14,9,10,28.1
14,1,2,12.3,14,9,11,14.2
14,1,2,28.5,14,10,11,22.2
14,1,3,32.4,14,0,2,3.5
14,1,3,28.8,14,0,4,49.7
14,1,3,29.2,14,0,5,3.5
14,1,3,22.0,14,0,6,4.3
14,1,3,29.9,14,0,7,13.7
14,1,3,22.4,14,0,8,20.2
14,1,3,39.6,14,0,9,39.3
14,1,3,22.7,14,0,10,9.8
14,1,3,16.1,14,0,11,4.9
14,1,3,7.1,14,2,4,5.4
14,1,3,23.1,14,2,5,10.3
14,1,3,25.6,14,2,6,14.4
14,1,3,22.6,14,2,7,24.2
14,1,3,3.3,14,2,8,4.3
14,1,3,30.6,14,2,9,28.8
14,1,3,3.7,14,2,10,22.4
14,1,3,5.2,14,2,11,3.8
14,1,3,7.2,14,4,5,7.1
14,1,3,27.8,14,4,6,22.0
14,1,3,21.6,14,4,7,19.8
14,1,3,26.3,14,4,8,18.8
14,1,3,23.4,14,4,9,33.2
14,1,3,40.0,14,4,10,21.6
14,1,3,14.1,14,4,11,7.4
14,1,3,18.4,14,5,6,23.1
14,1,3,41.8,14,5,7,21.1
14,1,3,17.7,14,5,8,19.1
14,1,3,36.4,14,5,9,32.8
14,1,3,14.8,14,5,10,40.7
14,1,3,19.5,14,5,11,3.8
14,1,3,33.2,14,6,7,18.2
14,1,3,23.4,14,6,8,15.5
14,1,3,52.2,14,6,9,25.2
14,1,3,8.4,14,6,10,3.9
14,1,3,16.2,14,6,11,7.3
14,1,3,3.3,14,7,8,18.8
14,1,3,19.2,14,7,9,15.6
14,1,3,18.4,14,7,10,28.1
14,1,3,16.2,14,7,11,3.8
14,1,3,18.2,14,8,9,21.9
14,1,3,3.5,14,8,10,15.2
14,1,3,24.5,14,8,11,13.9
14,1,3,5.6,14,9,10,16.6
14,1,3,10.8,14,9,11,10.2
14,1,3,5.9,14,10,11,5.2
14,1,4,64.4,14,0,2,18.8
14,1,4,21.6,14,0,3,7.7
14,1,4,10.0,14,0,5,10.7
14,1,4,20.6,14,0,6,16.2
14,1,4,19.1,14,0,7,11.9
14,1,4,17.3,14,0,8,37.5
14,1,4,26.3,14,0,9,32.1
14,1,4,45.8,14,0,10,27.0
14,1,4,15.5,14,0,11,12.1
14,1,4,29.6,14,2,3,14.0
14,1,4,15.9,14,2,5,9.9
14,1,4,7.5,14,2,6,18.0
14,1,4,23.8,14,2,7,14.3
14,1,4,18.4,14,2,8,21.3
14,1,4,17.7,14,2,9,24.2
14,1,4,41.4,14,2,10,37.1
14,1,4,6.5,14,2,11,3.6
14,1,4,5.0,14,3,5,12.2
14,1,4,137.7,14,3,6,17.3
14,1,4,92.7,14,3,7,22.8
14,1,4,109.9,14,3,8,18.8
14,1,4,74.2,14,3,9,6.5
14,1,4,28.1,14,3,10,25.6
14,1,4,5.1,14,3,11,4.2
14,1,4,22.7,14,5,6,20.2
14,1,4,18.0,14,5,7,12.8
14,1,4,20.6,14,5,8,16.6
14,1,4,32.4,14,5,9,4.0
14,1,4,24.5,14,5,10,28.8
14,1,4,20.6,14,5,11,4.8
14,1,4,41.4,14,6,7,9.4
14,1,4,23.8,14,6,8,4.6
14,1,4,8.4,14,6,9,13.1
14,1,4,35.3,14,6,10,27.4
14,1,4,34.2,14,6,11,6.9
14,1,4,27.0,14,7,8,20.6
14,1,4,22.7,14,7,9,10.3
14,1,4,16.6,14,7,10,21.7
14,1,4,53.8,14,7,11,17.0
14,1,4,14.8,14,8,9,49.8
14,1,4,31.5,14,8,10,24.1
14,1,4,7.9,14,8,11,6.8
14,1,4,37.1,14,9,10,25.2
14,1,4,7.0,14,9,11,9.8
14,1,4,22.7,14,10,11,8.1
14,1,5,9.8,14,0,2,15.9
14,1,5,6.6,14,0,3,38.6
14,1,5,16.6,14,0,4,16.2
14,1,5,23.9,14,0,6,17.3
14,1,5,6.5,14,0,7,6.0
14,1,5,14.3,14,0,8,16.6
14,1,5,9.8,14,0,9,18.8
14,1,5,18.9,14,0,10,15.2
14,1,5,14.3,14,0,11,28.0
14,1,5,7.7,14,2,3,38.2
14,1,5,3.9,14,2,4,17.0
14,1,5,11.0,14,2,6,16.6
14,1,5,8.1,14,2,7,5.5
14,1,5,56.4,14,2,8,19.8
14,1,5,31.3,14,2,9,24.6
14,1,5,7.7,14,2,10,20.6
14,1,5,18.3,14,2,11,19.2
14,1,5,12.2,14,3,4,10.8
14,1,5,4.8,14,3,6,22.7
14,1,5,6.7,14,3,7,23.8
14,1,5,10.9,14,3,8,6.7
14,1,5,4.1,14,3,9,15.5
14,1,5,4.7,14,3,10,4.7
14,1,5,10.5,14,3,11,18.8
14,1,5,8.4,14,4,6,24.5
14,1,5,5.2,14,4,7,15.4
14,1,5,6.6,14,4,8,20.2
14,1,5,3.9,14,4,9,6.4
14,1,5,4.7,14,4,10,5.2
14,1,5,12.2,14,4,11,8.7
14,1,5,17.4,14,6,7,14.6
14,1,5,12.9,14,6,8,18.8
14,1,5,18.2,14,6,9,26.0
14,1,5,6.7,14,6,10,4.0
14,1,5,13.1,14,6,11,8.4
14,1,5,3.6,14,7,8,20.6
14,1,5,7.5,14,7,9,18.0
14,1,5,3.9,14,7,10,46.5
14,1,5,24.5,14,7,11,17.0
14,1,5,9.3,14,8,9,6.3
14,1,5,3.4,14,8,10,25.6
14,1,5,22.9,14,8,11,27.5
14,1,5,8.5,14,9,10,17.3
14,1,5,10.1,14,9,11,5.5
14,1,5,16.6,14,10,11,20.4
14,1,6,17.3,14,0,2,16.6
14,1,6,14.6,14,0,3,17.7
14,1,6,16.6,14,0,4,17.3
14,1,6,22.0,14,0,5,14.0
14,1,6,5.4,14,0,7,4.0
14,1,6,5.9,14,0,8,7.1
14,1,6,12.5,14,0,9,6.3
14,1,6,7.2,14,0,10,19.5
14,1,6,19.6,14,0,11,7.2
14,1,6,12.0,14,2,3,15.5
14,1,6,29.9,14,2,4,17.0
14,1,6,22.0,14,2,5,11.6
14,1,6,3.6,14,2,7,4.2
14,1,6,5.2,14,2,8,4.1
14,1,6,7.0,14,2,9,17.0
14,1,6,8.3,14,2,10,66.6
14,1,6,4.5,14,2,11,11.6
14,1,6,6.3,14,3,4,3.5
14,1,6,62.7,14,3,5,10.0
14,1,6,23.4,14,3,7,15.7
14,1,6,25.2,14,3,8,28.8
14,1,6,68.4,14,3,9,3.5
14,1,6,28.8,14,3,10,16.6
14,1,6,11.7,14,3,11,8.9
14,1,6,76.0,14,4,5,26.4
14,1,6,4.7,14,4,7,8.2
14,1,6,19.6,14,4,8,44.4
14,1,6,4.0,14,4,9,9.7
14,1,6,23.7,14,4,10,7.1
14,1,6,7.3,14,4,11,13.7
14,1,6,18.0,14,5,7,18.4
14,1,6,16.2,14,5,8,16.2
14,1,6,34.6,14,5,9,14.4
14,1,6,3.5,14,5,10,25.6
14,1,6,23.4,14,5,11,3.8
14,1,6,20.2,14,7,8,7.0
14,1,6,19.5,14,7,9,26.0
14,1,6,24.2,14,7,10,24.2
14,1,6,6.7,14,7,11,12.0
14,1,6,18.0,14,8,9,10.5
14,1,6,4.2,14,8,10,8.9
14,1,6,7.3,14,8,11,6.9
14,1,6,3.5,14,9,10,23.8
14,1,6,6.4,14,9,11,12.2
14,1,6,17.6,14,10,11,9.0
14,1,7,3.8,14,0,2,3.7
14,1,7,4.0,14,0,3,55.5
14,1,7,4.0,14,0,4,19.1
14,1,7,4.3,14,0,5,19.2
14,1,7,4.4,14,0,6,4.5
14,1,7,5.3,14,0,8,16.2
14,1,7,4.5,14,0,9,3.6
14,1,7,7.5,14,0,10,20.2
14,1,7,4.7,14,0,11,9.6
14,1,7,10.7,14,2,3,36.8
14,1,7,3.2,14,2,4,8.6
14,1,7,6.8,14,2,5,3.8
14,1,7,3.5,14,2,6,19.8
14,1,7,4.9,14,2,8,5.4
14,1,7,3.5,14,2,9,11.9
14,1,7,6.5,14,2,10,13.0
14,1,7,6.9,14,2,11,9.8
14,1,7,7.7,14,3,4,19.5
14,1,7,4.4,14,3,5,13.5
14,1,7,8.6,14,3,6,3.5
14,1,7,13.2,14,3,8,4.7
14,1,7,4.0,14,3,9,3.4
14,1,7,10.2,14,3,10,22.4
14,1,7,3.9,14,3,11,3.5
14,1,7,4.3,14,4,5,10.5
14,1,7,4.7,14,4,6,21.6
14,1,7,4.6,14,4,8,9.8
14,1,7,13.2,14,4,9,20.6
14,1,7,4.1,14,4,10,25.6
14,1,7,3.9,14,4,11,11.4
14,1,7,5.9,14,5,6,28.8
14,1,7,4.4,14,5,8,3.7
14,1,7,5.1,14,5,9,14.4
14,1,7,7.8,14,5,10,19.1
14,1,7,9.6,14,5,11,3.6
14,1,7,4.2,14,6,8,3.7
14,1,7,3.6,14,6,9,6.3
14,1,7,4.2,14,6,10,26.3
14,1,7,4.4,14,6,11,8.5
14,1,7,6.4,14,8,9,23.1
14,1,7,6.9,14,8,10,22.4
14,1,7,7.6,14,8,11,8.7
14,1,7,10.2,14,9,10,44.3
14,1,7,11.7,14,9,11,10.3
14,1,7,6.8,14,10,11,3.4
14,1,8,18.8,14,0,2,21.3
14,1,8,19.8,14,0,3,23.1
14,1,8,29.2,14,0,4,8.6
14,1,8,22.7,14,0,5,10.9
14,1,8,17.0,14,0,6,6.1
14,1,8,5.2,14,0,7,6.6
14,1,8,58.9,14,0,9,17.3
14,1,8,3.9,14,0,10,22.4
14,1,8,28.5,14,0,11,9.5
14,1,8,8.3,14,2,3,20.2
14,1,8,13.9,14,2,4,18.4
14,1,8,21.3,14,2,5,11.8
14,1,8,6.6,14,2,6,4.1
14,1,8,5.0,14,2,7,6.1
14,1,8,6.8,14,2,9,19.1
14,1,8,12.4,14,2,10,22.0
14,1,8,15.1,14,2,11,8.2
14,1,8,45.8,14,3,4,22.4
14,1,8,23.8,14,3,5,10.3
14,1,8,8.5,14,3,6,27.6
14,1,8,26.3,14,3,7,14.8
14,1,8,29.2,14,3,9,21.3
14,1,8,25.6,14,3,10,15.9
14,1,8,21.0,14,3,11,6.8
14,1,8,19.8,14,4,5,12.5
14,1,8,21.3,14,4,6,16.6
14,1,8,4.8,14,4,7,8.5
14,1,8,20.9,14,4,9,17.0
14,1,8,18.0,14,4,10,5.1
14,1,8,16.8,14,4,11,3.4
14,1,8,25.2,14,5,6,20.9
14,1,8,4.3,14,5,7,5.0
14,1,8,18.0,14,5,9,18.8
14,1,8,10.0,14,5,10,18.0
14,1,8,9.7,14,5,11,9.1
14,1,8,13.7,14,6,7,4.4
14,1,8,31.4,14,6,9,24.2
14,1,8,17.7,14,6,10,34.2
14,1,8,4.0,14,6,11,8.4
14,1,8,24.5,14,7,9,8.6
14,1,8,9.9,14,7,10,12.1
14,1,8,18.0,14,7,11,8.8
14,1,8,9.1,14,9,10,20.6
14,1,8,28.5,14,9,11,5.8
14,1,8,31.7,14,10,11,22.6
14,1,9,10.1,14,0,2,20.2
14,1,9,36.0,14,0,3,18.7
14,1,9,19.5,14,0,4,41.4
14,1,9,18.0,14,0,5,5.0
14,1,9,27.4,14,0,6,19.1
14,1,9,17.3,14,0,7,17.6
14,1,9,14.8,14,0,8,35.3
14,1,9,14.4,14,0,10,4.5
14,1,9,4.6,14,0,11,7.2
14,1,9,25.2,14,2,3,33.1
14,1,9,11.6,14,2,4,16.8
14,1,9,5.0,14,2,5,4.0
14,1,9,6.3,14,2,6,15.9
14,1,9,7.4,14,2,7,17.7
14,1,9,7.5,14,2,8,14.4
14,1,9,29.9,14,2,10,8.3
14,1,9,8.0,14,2,11,25.6
14,1,9,26.2,14,3,4,18.4
14,1,9,5.7,14,3,5,4.6
14,1,9,13.3,14,3,6,3.5
14,1,9,21.6,14,3,7,9.7
14,1,9,28.5,14,3,8,4.6
14,1,9,14.3,14,3,10,20.9
14,1,9,20.0,14,3,11,5.8
14,1,9,4.7,14,4,5,7.0
14,1,9,24.5,14,4,6,26.0
14,1,9,8.2,14,4,7,16.6
14,1,9,24.2,14,4,8,6.2
14,1,9,26.0,14,4,10,7.3
14,1,9,15.9,14,4,11,10.3
14,1,9,18.4,14,5,6,19.8
14,1,9,18.4,14,5,7,19.5
14,1,9,19.1,14,5,8,5.1
14,1,9,17.7,14,5,10,12.3
14,1,9,19.8,14,5,11,7.9
14,1,9,7.2,14,6,7,9.6
14,1,9,21.6,14,6,8,19.8
14,1,9,24.9,14,6,10,21.6
14,1,9,17.3,14,6,11,15.4
14,1,9,23.8,14,7,8,45.7
14,1,9,13.7,14,7,10,9.3
14,1,9,6.6,14,7,11,11.9
14,1,9,43.0,14,8,10,18.0
14,1,9,19.1,14,8,11,21.4
14,1,9,16.2,14,10,11,9.1
14,1,10,22.4,14,0,2,9.1
14,1,10,18.8,14,0,3,18.0
14,1,10,34.6,14,0,4,25.6
14,1,10,17.3,14,0,5,11.6
14,1,10,12.7,14,0,6,18.7
14,1,10,15.0,14,0,7,7.2
14,1,10,4.4,14,0,8,5.5
14,1,10,13.9,14,0,9,36.0
14,1,10,18.8,14,0,11,6.8
14,1,10,15.5,14,2,3,9.6
14,1,10,12.8,14,2,4,22.7
14,1,10,21.6,14,2,5,6.2
14,1,10,25.4,14,2,6,19.5
14,1,10,80.8,14,2,7,11.6
14,1,10,7.8,14,2,8,14.4
14,1,10,33.9,14,2,9,13.7
14,1,10,23.8,14,2,11,12.5
14,1,10,9.8,14,3,4,21.4
14,1,10,21.6,14,3,5,6.8
14,1,10,29.6,14,3,6,23.8
14,1,10,32.4,14,3,7,14.0
14,1,10,18.8,14,3,8,18.0
14,1,10,31.7,14,3,9,22.7
14,1,10,19.8,14,3,11,5.4
14,1,10,14.2,14,4,5,9.0
14,1,10,28.8,14,4,6,25.6
14,1,10,40.4,14,4,7,17.5
14,1,10,15.1,14,4,8,23.8
14,1,10,13.6,14,4,9,6.3
14,1,10,26.0,14,4,11,6.3
14,1,10,14.5,14,5,6,33.2
14,1,10,4.9,14,5,7,17.4
14,1,10,11.2,14,5,8,16.2
14,1,10,4.3,14,5,9,4.2
14,1,10,16.8,14,5,11,6.8
14,1,10,3.7,14,6,7,3.8
14,1,10,3.5,14,6,8,16.2
14,1,10,3.5,14,6,9,21.6
14,1,10,19.5,14,6,11,14.5
14,1,10,33.2,14,7,8,5.0
14,1,10,18.0,14,7,9,24.7
14,1,10,17.7,14,7,11,11.3
14,1,10,19.1,14,8,9,41.4
14,1,10,21.9,14,8,11,8.1
14,1,10,14.4,14,9,11,9.5
14,1,11,10.0,14,0,2,8.6
14,1,11,3.4,14,0,3,18.7
14,1,11,3.3,14,0,4,18.8
14,1,11,29.6,14,0,5,32.9
14,1,11,9.6,14,0,6,4.0
14,1,11,7.2,14,0,7,15.6
14,1,11,6.6,14,0,8,17.3
14,1,11,3.7,14,0,9,35.0
14,1,11,6.3,14,0,10,23.4
14,1,11,7.5,14,2,3,5.4
14,1,11,39.4,14,2,4,17.0
14,1,11,22.3,14,2,5,33.6
14,1,11,3.6,14,2,6,18.8
14,1,11,11.3,14,2,7,10.4
14,1,11,3.7,14,2,8,6.0
14,1,11,5.3,14,2,9,17.7
14,1,11,7.0,14,2,10,14.8
14,1,11,3.9,14,3,4,15.9
14,1,11,10.5,14,3,5,14.4
14,1,11,28.5,14,3,6,41.8
14,1,11,6.8,14,3,7,29.9
14,1,11,5.6,14,3,8,16.2
14,1,11,20.9,14,3,9,3.7
14,1,11,3.4,14,3,10,17.3
14,1,11,29.0,14,4,5,13.7
14,1,11,15.3,14,4,6,17.0
14,1,11,8.2,14,4,7,20.9
14,1,11,10.2,14,4,8,17.7
14,1,11,18.1,14,4,9,15.2
14,1,11,4.3,14,4,10,18.0
14,1,11,15.1,14,5,6,20.6
14,1,11,22.8,14,5,7,24.8
14,1,11,6.2,14,5,8,19.8
14,1,11,10.1,14,5,9,30.3
14,1,11,19.3,14,5,10,32.1
14,1,11,10.5,14,6,7,19.4
14,1,11,3.5,14,6,8,16.2
14,1,11,10.6,14,6,9,43.2
14,1,11,4.6,14,6,10,23.8
14,1,11,6.1,14,7,8,6.0
14,1,11,3.9,14,7,9,18.0
14,1,11,8.9,14,7,10,15.2
14,1,11,8.4,14,8,9,3.3
14,1,11,3.7,14,8,10,14.4
14,1,11,11.7,14,9,10,16.6
14,2,3,9.9,14,0,1,16.2
14,2,3,15.8,14,0,4,18.0
14,2,3,6.3,14,0,5,8.4
14,2,3,18.8,14,0,6,4.7
14,2,3,42.2,14,0,7,20.9
14,2,3,33.9,14,0,8,6.8
14,2,3,13.7,14,0,9,28.0
14,2,3,18.4,14,0,10,26.0
14,2,3,6.0,14,0,11,6.5
14,2,3,6.8,14,1,4,26.7
14,2,3,4.7,14,1,5,7.7
14,2,3,24.2,14,1,6,5.2
14,2,3,6.4,14,1,7,4.5
14,2,3,9.3,14,1,8,6.5
14,2,3,31.4,14,1,9,35.3
14,2,3,15.9,14,1,10,17.0
14,2,3,17.7,14,1,11,6.5
14,2,3,26.0,14,4,5,8.3
14,2,3,25.2,14,4,6,26.7
14,2,3,6.5,14,4,7,46.1
14,2,3,6.1,14,4,8,14.5
14,2,3,43.6,14,4,9,36.8
14,2,3,14.9,14,4,10,17.7
14,2,3,15.5,14,4,11,12.6
14,2,3,21.6,14,5,6,121.7
14,2,3,37.4,14,5,7,50.0
14,2,3,3.8,14,5,8,11.3
14,2,3,16.2,14,5,9,12.4
14,2,3,19.5,14,5,10,21.6
14,2,3,3.4,14,5,11,11.2
14,2,3,19.1,14,6,7,3.6
14,2,3,3.5,14,6,8,17.8
14,2,3,29.6,14,6,9,32.1
14,2,3,19.8,14,6,10,24.5
14,2,3,27.8,14,6,11,7.3
14,2,3,30.6,14,7,8,10.2
14,2,3,32.1,14,7,9,42.5
14,2,3,7.1,14,7,10,20.5
14,2,3,35.0,14,7,11,9.6
14,2,3,10.7,14,8,9,26.7
14,2,3,13.7,14,8,10,5.7
14,2,3,22.4,14,8,11,12.4
14,2,3,7.7,14,9,10,9.8
14,2,3,11.5,14,9,11,4.7
14,2,3,17.3,14,10,11,6.9
14,2,4,12.5,14,0,1,35.3
14,2,4,21.3,14,0,3,39.3
14,2,4,19.3,14,0,5,8.7
14,2,4,24.5,14,0,6,17.0
14,2,4,35.3,14,0,7,17.0
14,2,4,54.4,14,0,8,13.2
14,2,4,17.7,14,0,9,23.1
14,2,4,34.6,14,0,10,33.2
14,2,4,11.3,14,0,11,8.8
14,2,4,15.2,14,1,3,13.3
14,2,4,17.0,14,1,5,12.6
14,2,4,81.0,14,1,6,4.8
14,2,4,12.0,14,1,7,19.1
14,2,4,20.9,14,1,8,20.2
14,2,4,27.4,14,1,9,15.9
14,2,4,33.9,14,1,10,36.4
14,2,4,6.3,14,1,11,5.8
14,2,4,6.8,14,3,5,18.1
14,2,4,11.2,14,3,6,13.4
14,2,4,32.4,14,3,7,3.4
14,2,4,12.1,14,3,8,19.1
14,2,4,24.2,14,3,9,20.6
14,2,4,21.7,14,3,10,19.1
14,2,4,26.0,14,3,11,4.3
14,2,4,20.2,14,5,6,19.5
14,2,4,4.1,14,5,7,17.3
14,2,4,32.4,14,5,8,21.2
14,2,4,14.1,14,5,9,16.6
14,2,4,15.5,14,5,10,26.3
14,2,4,8.2,14,5,11,3.6
14,2,4,19.8,14,6,7,18.4
14,2,4,2.2,14,6,8,15.9
14,2,4,9.6,14,6,9,27.4
14,2,4,12.6,14,6,10,30.0
14,2,4,30.7,14,6,11,10.6
14,2,4,19.8,14,7,8,10.3
14,2,4,6.5,14,7,9,18.0
14,2,4,28.5,14,7,10,39.6
14,2,4,7.2,14,7,11,6.9
14,2,4,6.0,14,8,9,18.4
14,2,4,32.4,14,8,10,27.8
14,2,4,4.0,14,8,11,16.4
14,2,4,19.5,14,9,10,28.5
14,2,4,3.5,14,9,11,3.3
14,2,4,29.2,14,10,11,4.3
14,2,5,18.8,14,0,1,30.6
14,2,5,4.4,14,0,3,23.8
14,2,5,3.4,14,0,4,15.5
14,2,5,9.0,14,0,6,4.7
14,2,5,10.1,14,0,7,24.5
14,2,5,7.7,14,0,8,11.3
14,2,5,5.9,14,0,9,27.8
14,2,5,3.6,14,0,10,16.6
14,2,5,16.4,14,0,11,11.9
14,2,5,3.8,14,1,3,20.2
14,2,5,4.0,14,1,4,18.4
14,2,5,6.2,14,1,6,4.4
14,2,5,6.6,14,1,7,17.3
14,2,5,4.0,14,1,8,7.3
14,2,5,7.0,14,1,9,15.2
14,2,5,9.1,14,1,10,32.4
14,2,5,12.8,14,1,11,8.5
14,2,5,8.9,14,3,4,6.6
14,2,5,12.6,14,3,6,24.2
14,2,5,3.9,14,3,7,4.6
14,2,5,6.5,14,3,8,22.3
14,2,5,8.3,14,3,9,19.1
14,2,5,15.3,14,3,10,17.3
14,2,5,6.9,14,3,11,14.9
14,2,5,24.4,14,4,6,41.8
14,2,5,7.5,14,4,7,18.8
14,2,5,10.3,14,4,8,15.1
14,2,5,33.9,14,4,9,18.0
14,2,5,6.8,14,4,10,3.7
14,2,5,13.6,14,4,11,9.9
14,2,5,6.1,14,6,7,32.8
14,2,5,75.6,14,6,8,11.8
14,2,5,9.7,14,6,9,18.0
14,2,5,10.9,14,6,10,18.4
14,2,5,24.5,14,6,11,17.8
14,2,5,6.0,14,7,8,11.6
14,2,5,33.5,14,7,9,18.8
14,2,5,4.2,14,7,10,3.2
14,2,5,26.3,14,7,11,19.5
14,2,5,14.0,14,8,9,23.8
14,2,5,5.8,14,8,10,14.4
14,2,5,14.8,14,8,11,26.7
14,2,5,11.0,14,9,10,17.0
14,2,5,14.5,14,9,11,9.2
14,2,5,11.9,14,10,11,25.1
14,2,6,14.8,14,0,1,36.8
14,2,6,32.1,14,0,3,3.4
14,2,6,9.9,14,0,4,20.2
14,2,6,20.2,14,0,5,35.1
14,2,6,4.9,14,0,7,7.3
14,2,6,19.8,14,0,8,6.5
14,2,6,33.9,14,0,9,20.9
14,2,6,11.8,14,0,10,22.4
14,2,6,23.4,14,0,11,13.1
14,2,6,19.8,14,1,3,19.1
14,2,6,15.8,14,1,4,11.9
14,2,6,15.9,14,1,5,16.1
14,2,6,17.3,14,1,7,17.0
14,2,6,19.1,14,1,8,7.0
14,2,6,15.2,14,1,9,4.5
14,2,6,20.2,14,1,10,36.4
14,2,6,18.0,14,1,11,11.5
14,2,6,16.2,14,3,4,32.8
14,2,6,17.3,14,3,5,9.0
14,2,6,16.2,14,3,7,17.3
14,2,6,18.8,14,3,8,8.4
14,2,6,22.0,14,3,9,6.6
14,2,6,20.6,14,3,10,8.6
14,2,6,19.1,14,3,11,6.7
14,2,6,19.8,14,4,5,6.1
14,2,6,17.3,14,4,7,15.9
14,2,6,23.1,14,4,8,12.3
14,2,6,17.3,14,4,9,19.1
14,2,6,23.4,14,4,10,22.4
14,2,6,20.9,14,4,11,7.7
14,2,6,23.4,14,5,7,4.2
14,2,6,14.8,14,5,8,12.0
14,2,6,34.2,14,5,9,7.2
14,2,6,19.8,14,5,10,28.1
14,2,6,18.4,14,5,11,10.1
14,2,6,5.9,14,7,8,4.6
14,2,6,20.2,14,7,9,146.0
14,2,6,6.2,14,7,10,5.7
14,2,6,18.0,14,7,11,3.4
14,2,6,31.7,14,8,9,7.5
14,2,6,22.4,14,8,10,28.8
14,2,6,18.0,14,8,11,5.9
14,2,6,18.4,14,9,10,4.7
14,2,6,17.7,14,9,11,14.3
14,2,6,22.0,14,10,11,9.0
14,2,7,5.2,14,0,1,5.4
14,2,7,18.4,14,0,3,3.8
14,2,7,17.7,14,0,4,3.5
14,2,7,23.1,14,0,5,81.8
14,2,7,4.6,14,0,6,5.7
14,2,7,5.6,14,0,8,7.6
14,2,7,6.2,14,0,9,21.2
14,2,7,20.9,14,0,10,62.0
14,2,7,7.8,14,0,11,3.4
14,2,7,10.7,14,1,3,24.2
14,2,7,28.3,14,1,4,21.3
14,2,7,19.8,14,1,5,4.2
14,2,7,9.8,14,1,6,3.5
14,2,7,5.9,14,1,8,5.7
14,2,7,14.4,14,1,9,23.4
14,2,7,18.8,14,1,10,20.2
14,2,7,20.6,14,1,11,9.1
14,2,7,22.4,14,3,4,22.7
14,2,7,19.5,14,3,5,10.8
14,2,7,14.4,14,3,6,18.0
14,2,7,16.2,14,3,8,5.3
14,2,7,31.7,14,3,9,3.3
14,2,7,6.3,14,3,10,17.7
14,2,7,21.6,14,3,11,4.1
14,2,7,3.4,14,4,5,10.6
14,2,7,25.2,14,4,6,18.8
14,2,7,16.6,14,4,8,17.6
14,2,7,18.4,14,4,9,20.2
14,2,7,52.6,14,4,10,20.6
14,2,7,16.2,14,4,11,12.3
14,2,7,15.5,14,5,6,22.0
14,2,7,63.4,14,5,8,10.8
14,2,7,22.7,14,5,9,15.5
14,2,7,16.2,14,5,10,5.3
14,2,7,17.7,14,5,11,7.5
14,2,7,14.4,14,6,8,5.3
14,2,7,20.2,14,6,9,22.6
14,2,7,5.9,14,6,10,24.2
14,2,7,19.5,14,6,11,3.6
14,2,7,11.3,14,8,9,33.5
14,2,7,22.7,14,8,10,15.9
14,2,7,24.5,14,8,11,2.5
14,2,7,10.2,14,9,10,22.4
14,2,7,7.5,14,9,11,15.9
14,2,7,5.8,14,10,11,7.0
14,2,8,3.5,14,0,1,17.7
14,2,8,4.3,14,0,3,25.2
14,2,8,4.2,14,0,4,7.4
14,2,8,9.8,14,0,5,13.3
14,2,8,5.9,14,0,6,18.8
14,2,8,4.3,14,0,7,18.8
14,2,8,3.6,14,0,9,35.3
14,2,8,3.5,14,0,10,31.7
14,2,8,5.4,14,0,11,9.6
14,2,8,6.0,14,1,3,49.3
14,2,8,6.5,14,1,4,14.4
14,2,8,3.9,14,1,5,15.8
14,2,8,4.3,14,1,6,18.0
14,2,8,7.9,14,1,7,6.6
14,2,8,3.7,14,1,9,30.3
14,2,8,3.4,14,1,10,10.0
14,2,8,6.9,14,1,11,9.6
14,2,8,3.5,14,3,4,32.8
14,2,8,9.7,14,3,5,10.4
14,2,8,4.4,14,3,6,16.6
14,2,8,3.7,14,3,7,20.6
14,2,8,4.5,14,3,9,21.3
14,2,8,7.2,14,3,10,26.7
14,2,8,4.2,14,3,11,48.4
14,2,8,6.4,14,4,5,4.0
14,2,8,3.5,14,4,6,7.4
14,2,8,4.8,14,4,7,2.2
14,2,8,10.8,14,4,9,16.2
14,2,8,4.3,14,4,10,3.6
14,2,8,6.4,14,4,11,22.3
14,2,8,7.2,14,5,6,18.0
14,2,8,6.3,14,5,7,17.0
14,2,8,6.1,14,5,9,19.8
14,2,8,4.2,14,5,10,20.6
14,2,8,7.2,14,5,11,3.4
14,2,8,4.2,14,6,7,5.9
14,2,8,3.8,14,6,9,20.2
14,2,8,3.3,14,6,10,20.2
14,2,8,6.4,14,6,11,49.6
14,2,8,3.8,14,7,9,16.2
14,2,8,4.3,14,7,10,15.9
14,2,8,3.7,14,7,11,5.3
14,2,8,5.0,14,9,10,17.0
14,2,8,3.4,14,9,11,11.9
14,2,8,4.7,14,10,11,3.7
14,2,9,16.1,14,0,1,21.3
14,2,9,20.6,14,0,3,15.4
14,2,9,6.9,14,0,4,6.2
14,2,9,17.0,14,0,5,5.9
14,2,9,6.9,14,0,6,18.0
14,2,9,11.6,14,0,7,12.2
14,2,9,59.3,14,0,8,10.7
14,2,9,33.2,14,0,10,4.0
14,2,9,29.6,14,0,11,27.9
14,2,9,17.7,14,1,3,21.2
14,2,9,21.3,14,1,4,17.0
14,2,9,4.8,14,1,5,11.1
14,2,9,20.6,14,1,6,18.8
14,2,9,10.1,14,1,7,18.4
14,2,9,10.1,14,1,8,19.7
14,2,9,4.2,14,1,10,17.3
14,2,9,3.5,14,1,11,4.0
14,2,9,6.2,14,3,4,3.7
14,2,9,5.0,14,3,5,8.6
14,2,9,35.3,14,3,6,20.9
14,2,9,35.3,14,3,7,10.8
14,2,9,16.9,14,3,8,18.2
14,2,9,15.9,14,3,10,3.8
14,2,9,14.5,14,3,11,8.7
14,2,9,21.6,14,4,5,6.5
14,2,9,6.4,14,4,6,30.3
14,2,9,6.2,14,4,7,46.1
14,2,9,28.5,14,4,8,17.4
14,2,9,3.6,14,4,10,17.0
14,2,9,18.0,14,4,11,13.8
14,2,9,15.2,14,5,6,20.9
14,2,9,17.7,14,5,7,20.2
14,2,9,15.9,14,5,8,20.2
14,2,9,18.4,14,5,10,14.8
14,2,9,28.8,14,5,11,3.8
14,2,9,28.5,14,6,7,20.6
14,2,9,18.8,14,6,8,22.8
14,2,9,3.9,14,6,10,13.7
14,2,9,3.4,14,6,11,23.0
14,2,9,25.2,14,7,8,13.8
14,2,9,21.3,14,7,10,6.8
14,2,9,6.4,14,7,11,7.4
14,2,9,20.9,14,8,10,37.8
14,2,9,18.4,14,8,11,8.3
14,2,9,14.4,14,10,11,6.7
14,2,10,13.7,14,0,1,16.2
14,2,10,4.0,14,0,3,17.3
14,2,10,25.6,14,0,4,18.0
14,2,10,3.8,14,0,5,11.8
14,2,10,6.6,14,0,6,22.4
14,2,10,3.6,14,0,7,8.2
14,2,10,19.7,14,0,8,16.2
14,2,10,15.4,14,0,9,15.9
14,2,10,5.3,14,0,11,8.3
14,2,10,15.5,14,1,3,19.8
14,2,10,26.1,14,1,4,35.0
14,2,10,5.7,14,1,5,8.0
14,2,10,3.4,14,1,6,18.4
14,2,10,27.8,14,1,7,5.9
14,2,10,21.3,14,1,8,12.6
14,2,10,17.0,14,1,9,18.8
14,2,10,3.6,14,1,11,13.2
14,2,10,6.1,14,3,4,8.2
14,2,10,3.5,14,3,5,8.4
14,2,10,3.4,14,3,6,19.1
14,2,10,3.4,14,3,7,22.0
14,2,10,3.6,14,3,8,7.3
14,2,10,17.7,14,3,9,3.3
14,2,10,3.9,14,3,11,11.2
14,2,10,22.9,14,4,5,4.3
14,2,10,22.7,14,4,6,21.6
14,2,10,25.2,14,4,7,18.4
14,2,10,5.6,14,4,8,17.0
14,2,10,10.4,14,4,9,11.2
14,2,10,7.7,14,4,11,4.0
14,2,10,17.7,14,5,6,16.2
14,2,10,4.1,14,5,7,73.4
14,2,10,6.6,14,5,8,19.5
14,2,10,26.7,14,5,9,25.6
14,2,10,14.4,14,5,11,7.3
14,2,10,14.2,14,6,7,4.0
14,2,10,6.1,14,6,8,18.6
14,2,10,6.2,14,6,9,20.9
14,2,10,19.1,14,6,11,6.0
14,2,10,23.8,14,7,8,11.6
14,2,10,3.5,14,7,9,20.9
14,2,10,6.8,14,7,11,5.5
14,2,10,35.3,14,8,9,18.4
14,2,10,4.0,14,8,11,15.8
14,2,10,20.2,14,9,11,3.3
14,2,11,6.3,14,0,1,5.8
14,2,11,6.0,14,0,3,3.4
14,2,11,8.4,14,0,4,26.3
14,2,11,21.0,14,0,5,22.5
14,2,11,7.0,14,0,6,12.3
14,2,11,17.4,14,0,7,12.4
14,2,11,9.2,14,0,8,13.6
14,2,11,8.3,14,0,9,22.4
14,2,11,8.6,14,0,10,15.5
14,2,11,13.2,14,1,3,15.0
14,2,11,3.5,14,1,4,24.1
14,2,11,33.2,14,1,5,31.8
14,2,11,6.0,14,1,6,4.9
14,2,11,6.7,14,1,7,6.8
14,2,11,8.8,14,1,8,25.1
14,2,11,5.5,14,1,9,18.4
14,2,11,10.7,14,1,10,19.5
14,2,11,10.3,14,3,4,11.3
14,2,11,15.9,14,3,5,9.7
14,2,11,9.7,14,3,6,12.6
14,2,11,6.8,14,3,7,28.5
14,2,11,4.0,14,3,8,26.1
14,2,11,7.9,14,3,9,21.3
14,2,11,8.2,14,3,10,16.6
14,2,11,13.7,14,4,5,37.2
14,2,11,6.0,14,4,6,26.3
14,2,11,5.4,14,4,7,83.9
14,2,11,4.2,14,4,8,10.7
14,2,11,3.5,14,4,9,34.6
14,2,11,8.0,14,4,10,21.3
14,2,11,24.5,14,5,6,9.6
14,2,11,19.5,14,5,7,17.2
14,2,11,20.3,14,5,8,20.5
14,2,11,8.0,14,5,9,16.6
14,2,11,16.9,14,5,10,15.5
14,2,11,9.2,14,6,7,9.2
14,2,11,3.6,14,6,8,6.7
14,2,11,7.2,14,6,9,16.2
14,2,11,5.8,14,6,10,7.8
14,2,11,6.0,14,7,8,4.0
14,2,11,3.6,14,7,9,19.1
14,2,11,4.3,14,7,10,14.8
14,2,11,3.8,14,8,9,20.9
14,2,11,10.6,14,8,10,19.8
14,2,11,8.7,14,9,10,18.4
14,3,4,20.6,14,0,1,5.4
14,3,4,6.6,14,0,2,19.1
14,3,4,22.4,14,0,5,8.0
14,3,4,15.9,14,0,6,15.1
14,3,4,22.7,14,0,7,31.0
14,3,4,24.2,14,0,8,17.8
14,3,4,23.4,14,0,9,9.7
14,3,4,15.5,14,0,10,18.1
14,3,4,17.7,14,0,11,7.0
14,3,4,16.6,14,1,2,19.5
14,3,4,6.2,14,1,5,12.5
14,3,4,22.7,14,1,6,18.4
14,3,4,6.4,14,1,7,18.8
14,3,4,22.0,14,1,8,22.4
14,3,4,23.8,14,1,9,10.2
14,3,4,13.1,14,1,10,13.2
14,3,4,3.9,14,1,11,9.6
14,3,4,18.8,14,2,5,7.6
14,3,4,31.0,14,2,6,7.5
14,3,4,14.7,14,2,7,33.5
14,3,4,11.9,14,2,8,7.3
14,3,4,4.0,14,2,9,12.6
14,3,4,40.4,14,2,10,29.6
14,3,4,20.2,14,2,11,4.4
14,3,4,19.1,14,5,6,77.4
14,3,4,22.4,14,5,7,17.7
14,3,4,14.8,14,5,8,22.4
14,3,4,4.3,14,5,9,4.8
14,3,4,17.0,14,5,10,16.2
14,3,4,3.5,14,5,11,10.3
14,3,4,4.3,14,6,7,13.4
14,3,4,3.7,14,6,8,41.4
14,3,4,3.7,14,6,9,6.2
14,3,4,26.7,14,6,10,27.8
14,3,4,27.5,14,6,11,3.6
14,3,4,6.7,14,7,8,21.6
14,3,4,14.4,14,7,9,9.1
14,3,4,6.4,14,7,10,15.0
14,3,4,7.8,14,7,11,16.5
14,3,4,6.9,14,8,9,10.8
14,3,4,22.7,14,8,10,36.4
14,3,4,8.0,14,8,11,10.6
14,3,4,6.6,14,9,10,5.2
14,3,4,3.4,14,9,11,12.8
14,3,4,19.1,14,10,11,9.4
14,3,5,8.0,14,0,1,40.7
14,3,5,7.8,14,0,2,33.9
14,3,5,6.9,14,0,4,19.1
14,3,5,16.2,14,0,6,27.0
14,3,5,3.6,14,0,7,30.3
14,3,5,8.7,14,0,8,7.5
14,3,5,10.9,14,0,9,16.9
14,3,5,3.9,14,0,10,17.0
14,3,5,11.7,14,0,11,8.3
14,3,5,6.3,14,1,2,14.0
14,3,5,6.1,14,1,4,9.4
14,3,5,20.5,14,1,6,81.0
14,3,5,6.9,14,1,7,10.5
14,3,5,12.7,14,1,8,6.4
14,3,5,8.0,14,1,9,9.6
14,3,5,5.7,14,1,10,6.4
14,3,5,12.6,14,1,11,17.1
14,3,5,6.8,14,2,4,18.0
14,3,5,6.0,14,2,6,24.2
14,3,5,15.8,14,2,7,17.3
14,3,5,5.8,14,2,8,7.4
14,3,5,5.2,14,2,9,4.7
14,3,5,9.4,14,2,10,16.2
14,3,5,14.9,14,2,11,13.9
14,3,5,14.3,14,4,6,29.6
14,3,5,8.7,14,4,7,19.8
14,3,5,9.9,14,4,8,37.8
14,3,5,8.3,14,4,9,7.0
14,3,5,3.8,14,4,10,16.6
14,3,5,8.2,14,4,11,8.6
14,3,5,6.8,14,6,7,7.3
14,3,5,3.9,14,6,8,45.4
14,3,5,9.6,14,6,9,6.6
14,3,5,6.7,14,6,10,17.0
14,3,5,5.8,14,6,11,29.3
14,3,5,3.5,14,7,8,15.5
14,3,5,9.5,14,7,9,9.8
14,3,5,3.5,14,7,10,21.3
14,3,5,21.1,14,7,11,14.9
14,3,5,10.0,14,8,9,8.6
14,3,5,9.0,14,8,10,20.9
14,3,5,10.9,14,8,11,10.1
14,3,5,4.9,14,9,10,15.5
14,3,5,7.3,14,9,11,5.9
14,3,5,5.9,14,10,11,10.8
14,3,6,7.9,14,0,1,29.2
14,3,6,8.2,14,0,2,18.4
14,3,6,33.2,14,0,4,18.8
14,3,6,29.9,14,0,5,6.2
14,3,6,28.8,14,0,7,0.0
14,3,6,15.2,14,0,8,32.4
14,3,6,25.6,14,0,9,6.8
14,3,6,18.0,14,0,10,16.2
14,3,6,18.0,14,0,11,12.6
14,3,6,32.4,14,1,2,16.4
14,3,6,15.5,14,1,4,1.8
14,3,6,19.1,14,1,5,31.3
14,3,6,12.8,14,1,7,21.6
14,3,6,12.6,14,1,8,4.8
14,3,6,18.8,14,1,9,17.8
14,3,6,27.4,14,1,10,14.4
14,3,6,18.0,14,1,11,14.8
14,3,6,11.0,14,2,4,20.6
14,3,6,2.9,14,2,5,6.7
14,3,6,18.4,14,2,7,17.7
14,3,6,18.0,14,2,8,5.3
14,3,6,19.5,14,2,9,10.9
14,3,6,25.6,14,2,10,3.6
14,3,6,9.7,14,2,11,9.5
14,3,6,7.3,14,4,5,10.9
14,3,6,3.4,14,4,7,12.8
14,3,6,28.8,14,4,8,14.1
14,3,6,18.8,14,4,9,8.4
14,3,6,42.0,14,4,10,6.1
14,3,6,45.2,14,4,11,11.6
14,3,6,68.6,14,5,7,24.2
14,3,6,16.6,14,5,8,6.9
14,3,6,22.0,14,5,9,15.4
14,3,6,6.7,14,5,10,18.4
14,3,6,8.8,14,5,11,7.0
14,3,6,20.1,14,7,8,24.0
14,3,6,17.3,14,7,9,14.4
14,3,6,14.8,14,7,10,4.2
14,3,6,9.2,14,7,11,7.1
14,3,6,17.7,14,8,9,8.8
14,3,6,19.5,14,8,10,17.7
14,3,6,8.9,14,8,11,8.8
14,3,6,12.8,14,9,10,23.4
14,3,6,15.5,14,9,11,8.3
14,3,6,16.6,14,10,11,12.4
14,3,7,33.9,14,0,1,27.8
14,3,7,3.6,14,0,2,20.9
14,3,7,9.1,14,0,4,36.0
14,3,7,6.8,14,0,5,5.7
14,3,7,14.1,14,0,6,6.8
14,3,7,18.4,14,0,8,16.2
14,3,7,3.4,14,0,9,12.8
14,3,7,3.6,14,0,10,7.5
14,3,7,16.2,14,0,11,22.1
14,3,7,15.9,14,1,2,17.3
14,3,7,28.5,14,1,4,3.9
14,3,7,23.4,14,1,5,16.0
14,3,7,28.5,14,1,6,17.7
14,3,7,23.4,14,1,8,0.0
14,3,7,13.2,14,1,9,12.4
14,3,7,10.5,14,1,10,41.1
14,3,7,6.1,14,1,11,14.7
14,3,7,5.8,14,2,4,4.4
14,3,7,19.8,14,2,5,6.3
14,3,7,4.4,14,2,6,18.4
14,3,7,15.5,14,2,8,23.4
14,3,7,18.0,14,2,9,19.0
14,3,7,42.5,14,2,10,22.0
14,3,7,18.8,14,2,11,7.4
14,3,7,21.6,14,4,5,12.8
14,3,7,32.1,14,4,6,23.1
14,3,7,14.1,14,4,8,16.2
14,3,7,18.0,14,4,9,11.5
14,3,7,40.4,14,4,10,6.8
14,3,7,21.3,14,4,11,12.7
14,3,7,3.8,14,5,6,27.4
14,3,7,39.6,14,5,8,4.7
14,3,7,5.5,14,5,9,13.8
14,3,7,3.7,14,5,10,19.5
14,3,7,5.9,14,5,11,4.4
14,3,7,34.6,14,6,8,15.5
14,3,7,16.6,14,6,9,19.5
14,3,7,18.8,14,6,10,15.9
14,3,7,15.9,14,6,11,10.1
14,3,7,15.2,14,8,9,20.5
14,3,7,18.0,14,8,10,45.4
14,3,7,15.5,14,8,11,3.9
14,3,7,18.4,14,9,10,21.6
14,3,7,7.4,14,9,11,17.1
14,3,7,19.1,14,10,11,42.5
14,3,8,0.0,14,0,1,15.2
14,3,8,11.9,14,0,2,18.7
14,3,8,6.0,14,0,4,8.0
14,3,8,14.1,14,0,5,13.7
14,3,8,22.3,14,0,6,18.8
14,3,8,0.4,14,0,7,17.3
14,3,8,3.6,14,0,9,29.9
14,3,8,17.7,14,0,10,9.7
14,3,8,3.6,14,0,11,16.0
14,3,8,32.4,14,1,2,26.0
14,3,8,3.5,14,1,4,18.4
14,3,8,15.2,14,1,5,6.6
14,3,8,15.9,14,1,6,20.2
14,3,8,17.0,14,1,7,6.9
14,3,8,44.7,14,1,9,15.5
14,3,8,28.5,14,1,10,22.4
14,3,8,3.9,14,1,11,6.5
14,3,8,35.7,14,2,4,20.9
14,3,8,20.6,14,2,5,6.3
14,3,8,8.6,14,2,6,11.4
14,3,8,12.8,14,2,7,21.6
14,3,8,28.5,14,2,9,25.3
14,3,8,34.6,14,2,10,22.0
14,3,8,8.2,14,2,11,7.1
14,3,8,8.9,14,4,5,9.4
14,3,8,17.7,14,4,6,38.6
14,3,8,17.3,14,4,7,27.0
14,3,8,29.6,14,4,9,11.9
14,3,8,25.2,14,4,10,15.5
14,3,8,29.9,14,4,11,9.7
14,3,8,17.7,14,5,6,23.8
14,3,8,11.8,14,5,7,17.0
14,3,8,53.8,14,5,9,22.1
14,3,8,78.3,14,5,10,19.5
14,3,8,10.0,14,5,11,6.3
14,3,8,3.6,14,6,7,26.0
14,3,8,25.2,14,6,9,18.4
14,3,8,10.8,14,6,10,21.6
14,3,8,7.8,14,6,11,5.7
14,3,8,20.9,14,7,9,12.2
14,3,8,3.6,14,7,10,24.2
14,3,8,19.5,14,7,11,9.1
14,3,8,17.0,14,9,10,22.4
14,3,8,18.8,14,9,11,4.6
14,3,8,24.9,14,10,11,4.7
14,3,9,3.9,14,0,1,35.0
14,3,9,7.5,14,0,2,17.0
14,3,9,4.7,14,0,4,15.5
14,3,9,4.7,14,0,5,12.6
14,3,9,4.6,14,0,6,8.0
14,3,9,7.5,14,0,7,24.9
14,3,9,3.6,14,0,8,19.5
14,3,9,4.1,14,0,10,18.0
14,3,9,3.7,14,0,11,9.0
14,3,9,3.8,14,1,2,30.6
14,3,9,4.0,14,1,4,16.2
14,3,9,4.9,14,1,5,4.3
14,3,9,6.0,14,1,6,5.7
14,3,9,3.3,14,1,7,5.9
14,3,9,7.1,14,1,8,3.5
14,3,9,4.0,14,1,10,15.2
14,3,9,3.9,14,1,11,13.2
14,3,9,3.7,14,2,4,9.0
14,3,9,5.3,14,2,5,13.7
14,3,9,10.9,14,2,6,26.7
14,3,9,9.5,14,2,7,40.0
14,3,9,6.6,14,2,8,18.0
14,3,9,6.4,14,2,10,3.9
14,3,9,4.0,14,2,11,9.6
14,3,9,4.8,14,4,5,16.3
14,3,9,4.6,14,4,6,14.1
14,3,9,4.0,14,4,7,36.8
14,3,9,4.2,14,4,8,7.9
14,3,9,5.0,14,4,10,18.8
14,3,9,9.1,14,4,11,15.5
14,3,9,3.5,14,5,6,0.0
14,3,9,3.4,14,5,7,20.6
14,3,9,9.9,14,5,8,21.6
14,3,9,4.8,14,5,10,17.3
14,3,9,4.3,14,5,11,6.0
14,3,9,3.9,14,6,7,18.8
14,3,9,3.9,14,6,8,20.6
14,3,9,3.8,14,6,10,17.7
14,3,9,3.8,14,6,11,4.4
14,3,9,9.5,14,7,8,23.1
14,3,9,4.3,14,7,10,23.4
14,3,9,5.3,14,7,11,11.4
14,3,9,9.2,14,8,10,9.4
14,3,9,3.4,14,8,11,4.2
14,3,9,5.0,14,10,11,5.1
14,3,10,20.6,14,0,1,4.6
14,3,10,26.0,14,0,2,3.5
14,3,10,15.6,14,0,4,13.0
14,3,10,11.9,14,0,5,4.1
14,3,10,19.5,14,0,6,3.5
14,3,10,30.6,14,0,7,20.9
14,3,10,20.6,14,0,8,6.8
14,3,10,4.9,14,0,9,3.7
14,3,10,17.7,14,0,11,4.3
14,3,10,22.4,14,1,2,7.0
14,3,10,29.6,14,1,4,20.6
14,3,10,21.3,14,1,5,3.3
14,3,10,17.3,14,1,6,19.1
14,3,10,19.8,14,1,7,15.5
14,3,10,18.4,14,1,8,9.3
14,3,10,18.4,14,1,9,13.4
14,3,10,17.7,14,1,11,5.0
14,3,10,38.6,14,2,4,17.0
14,3,10,17.3,14,2,5,7.0
14,3,10,22.4,14,2,6,44.0
14,3,10,3.6,14,2,7,22.0
14,3,10,18.8,14,2,8,6.8
14,3,10,18.0,14,2,9,6.5
14,3,10,8.5,14,2,11,8.4
14,3,10,14.8,14,4,5,8.4
14,3,10,27.4,14,4,6,37.1
14,3,10,14.0,14,4,7,6.4
14,3,10,5.2,14,4,8,50.8
14,3,10,4.3,14,4,9,4.1
14,3,10,4.9,14,4,11,6.2
14,3,10,7.1,14,5,6,46.1
14,3,10,18.8,14,5,7,33.1
14,3,10,4.4,14,5,8,18.4
14,3,10,17.0,14,5,9,5.3
14,3,10,19.8,14,5,11,3.5
14,3,10,15.9,14,6,7,14.6
14,3,10,22.0,14,6,8,20.2
14,3,10,21.3,14,6,9,8.2
14,3,10,15.5,14,6,11,6.6
14,3,10,18.8,14,7,8,15.5
14,3,10,22.0,14,7,9,13.7
14,3,10,24.2,14,7,11,5.6
14,3,10,15.2,14,8,9,11.9
14,3,10,16.6,14,8,11,8.4
14,3,10,7.5,14,9,11,4.3
14,3,11,8.8,14,0,1,8.7
14,3,11,24.3,14,0,2,18.4
14,3,11,27.1,14,0,4,4.4
14,3,11,20.7,14,0,5,8.6
14,3,11,5.6,14,0,6,3.6
14,3,11,10.6,14,0,7,23.1
14,3,11,10.9,14,0,8,22.7
14,3,11,4.7,14,0,9,9.3
14,3,11,5.2,14,0,10,20.2
14,3,11,24.3,14,1,2,18.8
14,3,11,13.3,14,1,4,14.8
14,3,11,6.7,14,1,5,14.3
14,3,11,13.5,14,1,6,17.7
14,3,11,13.8,14,1,7,16.6
14,3,11,13.1,14,1,8,32.4
14,3,11,15.2,14,1,9,17.7
14,3,11,18.2,14,1,10,16.6
14,3,11,15.4,14,2,4,8.1
14,3,11,16.8,14,2,5,29.1
14,3,11,8.0,14,2,6,19.1
14,3,11,3.6,14,2,7,22.0
14,3,11,3.5,14,2,8,6.5
14,3,11,3.5,14,2,9,12.9
14,3,11,9.1,14,2,10,16.6
14,3,11,7.0,14,4,5,7.9
14,3,11,3.5,14,4,6,12.6
14,3,11,3.5,14,4,7,23.4
14,3,11,7.9,14,4,8,6.7
14,3,11,3.9,14,4,9,7.5
14,3,11,11.5,14,4,10,15.9
14,3,11,16.9,14,5,6,7.8
14,3,11,10.4,14,5,7,45.8
14,3,11,5.0,14,5,8,23.4
14,3,11,10.3,14,5,9,5.2
14,3,11,4.3,14,5,10,27.4
14,3,11,6.0,14,6,7,9.2
14,3,11,11.0,14,6,8,17.0
14,3,11,25.4,14,6,9,3.9
14,3,11,3.7,14,6,10,20.6
14,3,11,19.8,14,7,8,18.4
14,3,11,41.5,14,7,9,12.7
14,3,11,5.7,14,7,10,5.7
14,3,11,11.6,14,8,9,16.7
14,3,11,3.9,14,8,10,30.3
14,3,11,7.0,14,9,10,17.7
14,4,5,6.6,14,0,1,24.5
14,4,5,9.2,14,0,2,32.1
14,4,5,9.1,14,0,3,21.3
14,4,5,18.2,14,0,6,4.3
14,4,5,11.3,14,0,7,18.0
14,4,5,22.9,14,0,8,3.9
14,4,5,7.9,14,0,9,23.8
14,4,5,9.0,14,0,10,10.2
14,4,5,18.7,14,0,11,15.6
14,4,5,8.4,14,1,2,37.8
14,4,5,16.1,14,1,3,33.9
14,4,5,14.2,14,1,6,30.3
14,4,5,15.8,14,1,7,21.3
14,4,5,8.3,14,1,8,46.5
14,4,5,6.5,14,1,9,19.5
14,4,5,7.2,14,1,10,11.2
14,4,5,21.1,14,1,11,8.4
14,4,5,11.8,14,2,3,16.6
14,4,5,3.8,14,2,6,24.5
14,4,5,7.7,14,2,7,16.6
14,4,5,48.4,14,2,8,20.6
14,4,5,4.9,14,2,9,32.4
14,4,5,10.1,14,2,10,14.0
14,4,5,24.8,14,2,11,12.8
14,4,5,13.7,14,3,6,29.9
14,4,5,6.0,14,3,7,17.0
14,4,5,14.4,14,3,8,19.1
14,4,5,9.8,14,3,9,16.2
14,4,5,5.1,14,3,10,6.2
14,4,5,9.4,14,3,11,7.4
14,4,5,19.7,14,6,7,17.7
14,4,5,8.9,14,6,8,14.1
14,4,5,23.0,14,6,9,3.5
14,4,5,5.4,14,6,10,6.5
14,4,5,20.8,14,6,11,17.1
14,4,5,34.7,14,7,8,19.8
14,4,5,8.2,14,7,9,4.5
14,4,5,6.0,14,7,10,11.8
14,4,5,12.7,14,7,11,15.9
14,4,5,5.1,14,8,9,4.5
14,4,5,9.2,14,8,10,13.7
14,4,5,20.2,14,8,11,22.9
14,4,5,11.8,14,9,10,7.3
14,4,5,4.9,14,9,11,4.0
14,4,5,4.7,14,10,11,5.8
14,4,6,27.0,14,0,1,7.5
14,4,6,4.8,14,0,2,6.8
14,4,6,35.7,14,0,3,19.5
14,4,6,24.9,14,0,5,34.7
14,4,6,11.6,14,0,7,18.0
14,4,6,7.3,14,0,8,19.8
14,4,6,14.6,14,0,9,28.5
14,4,6,21.5,14,0,10,16.8
14,4,6,21.1,14,0,11,7.3
14,4,6,18.4,14,1,2,20.2
14,4,6,24.2,14,1,3,4.5
14,4,6,15.2,14,1,5,3.9
14,4,6,16.6,14,1,7,6.1
14,4,6,3.8,14,1,8,4.8
14,4,6,3.5,14,1,9,16.6
14,4,6,6.3,14,1,10,17.6
14,4,6,4.7,14,1,11,10.2
14,4,6,17.6,14,2,3,17.3
14,4,6,19.5,14,2,5,32.9
14,4,6,9.1,14,2,7,0.0
14,4,6,8.4,14,2,8,15.9
14,4,6,16.2,14,2,9,20.6
14,4,6,26.3,14,2,10,18.5
14,4,6,6.2,14,2,11,13.1
14,4,6,24.9,14,3,5,3.5
14,4,6,26.7,14,3,7,17.7
14,4,6,25.6,14,3,8,32.4
14,4,6,22.0,14,3,9,7.5
14,4,6,12.2,14,3,10,11.5
14,4,6,5.9,14,3,11,10.8
14,4,6,53.5,14,5,7,27.5
14,4,6,19.8,14,5,8,4.0
14,4,6,34.6,14,5,9,18.8
14,4,6,21.3,14,5,10,20.5
14,4,6,23.4,14,5,11,4.1
14,4,6,15.9,14,7,8,15.2
14,4,6,20.9,14,7,9,21.3
14,4,6,6.8,14,7,10,13.5
14,4,6,22.0,14,7,11,7.6
14,4,6,21.3,14,8,9,3.9
14,4,6,18.4,14,8,10,14.6
14,4,6,19.5,14,8,11,47.2
14,4,6,26.0,14,9,10,7.8
14,4,6,20.9,14,9,11,9.0
14,4,6,29.2,14,10,11,8.4
14,4,7,7.6,14,0,1,21.6
14,4,7,7.4,14,0,2,21.6
14,4,7,22.0,14,0,3,28.5
14,4,7,13.7,14,0,5,23.3
14,4,7,17.0,14,0,6,19.5
14,4,7,26.3,14,0,8,24.2
14,4,7,22.7,14,0,9,5.6
14,4,7,14.4,14,0,10,13.5
14,4,7,18.8,14,0,11,9.4
14,4,7,32.8,14,1,2,20.6
14,4,7,24.8,14,1,3,28.1
14,4,7,29.9,14,1,5,6.9
14,4,7,9.9,14,1,6,27.4
14,4,7,22.0,14,1,8,17.7
14,4,7,26.0,14,1,9,17.3
14,4,7,33.5,14,1,10,17.9
14,4,7,30.3,14,1,11,6.1
14,4,7,21.6,14,2,3,41.8
14,4,7,20.6,14,2,5,9.9
14,4,7,18.0,14,2,6,8.4
14,4,7,15.5,14,2,8,4.6
14,4,7,5.1,14,2,9,40.4
14,4,7,18.0,14,2,10,19.7
14,4,7,31.7,14,2,11,13.7
14,4,7,18.0,14,3,5,9.7
14,4,7,18.8,14,3,6,23.4
14,4,7,15.5,14,3,8,45.4
14,4,7,29.9,14,3,9,4.6
14,4,7,20.6,14,3,10,8.0
14,4,7,26.7,14,3,11,4.0
14,4,7,30.6,14,5,6,19.5
14,4,7,20.2,14,5,8,14.2
14,4,7,14.1,14,5,9,13.0
14,4,7,19.8,14,5,10,7.8
14,4,7,9.8,14,5,11,16.9
14,4,7,4.2,14,6,8,6.4
14,4,7,4.1,14,6,9,6.6
14,4,7,15.5,14,6,10,27.1
14,4,7,18.4,14,6,11,3.4
14,4,7,3.8,14,8,9,16.6
14,4,7,17.3,14,8,10,17.8
14,4,7,4.3,14,8,11,8.4
14,4,7,22.7,14,9,10,11.3
14,4,7,15.2,14,9,11,7.5
14,4,7,15.5,14,10,11,3.6
14,4,8,4.1,14,0,1,13.4
14,4,8,33.2,14,0,2,23.1
14,4,8,6.1,14,0,3,18.4
14,4,8,15.5,14,0,5,10.0
14,4,8,16.2,14,0,6,4.4
14,4,8,3.5,14,0,7,16.6
14,4,8,3.5,14,0,9,17.0
14,4,8,3.9,14,0,10,12.9
14,4,8,15.9,14,0,11,27.9
14,4,8,29.9,14,1,2,32.4
14,4,8,19.8,14,1,3,20.6
14,4,8,6.7,14,1,5,3.8
14,4,8,3.6,14,1,6,35.0
14,4,8,9.6,14,1,7,18.4
14,4,8,44.9,14,1,9,39.0
14,4,8,16.7,14,1,10,10.1
14,4,8,8.3,14,1,11,3.8
14,4,8,41.8,14,2,3,6.9
14,4,8,18.3,14,2,5,13.6
14,4,8,14.3,14,2,6,24.9
14,4,8,10.6,14,2,7,37.5
14,4,8,17.3,14,2,9,25.7
14,4,8,13.3,14,2,10,9.9
14,4,8,13.3,14,2,11,3.6
14,4,8,6.4,14,3,5,8.1
14,4,8,18.0,14,3,6,6.6
14,4,8,3.6,14,3,7,21.3
14,4,8,35.3,14,3,9,4.8
14,4,8,25.8,14,3,10,10.1
14,4,8,3.5,14,3,11,5.1
14,4,8,18.0,14,5,6,0.4
14,4,8,5.2,14,5,7,34.2
14,4,8,5.9,14,5,9,8.8
14,4,8,6.1,14,5,10,20.4
14,4,8,6.4,14,5,11,3.2
14,4,8,18.0,14,6,7,19.1
14,4,8,20.2,14,6,9,20.1
14,4,8,4.0,14,6,10,13.1
14,4,8,3.5,14,6,11,11.0
14,4,8,0.0,14,7,9,10.2
14,4,8,14.4,14,7,10,16.6
14,4,8,4.5,14,7,11,7.5
14,4,8,24.5,14,9,10,9.7
14,4,8,19.5,14,9,11,8.0
14,4,8,18.0,14,10,11,9.5
14,4,9,19.5,14,0,1,45.0
14,4,9,19.2,14,0,2,49.5
14,4,9,18.8,14,0,3,23.4
14,4,9,11.0,14,0,5,7.1
14,4,9,31.7,14,0,6,4.4
14,4,9,17.0,14,0,7,4.7
14,4,9,27.0,14,0,8,4.4
14,4,9,38.6,14,0,10,7.6
14,4,9,19.8,14,0,11,4.3
14,4,9,36.8,14,1,2,19.8
14,4,9,21.3,14,1,3,24.5
14,4,9,14.2,14,1,5,4.0
14,4,9,24.5,14,1,6,10.7
14,4,9,16.6,14,1,7,8.6
14,4,9,22.0,14,1,8,25.2
14,4,9,19.7,14,1,10,21.7
14,4,9,17.3,14,1,11,3.8
14,4,9,17.7,14,2,3,33.8
14,4,9,6.7,14,2,5,3.9
14,4,9,3.5,14,2,6,42.2
14,4,9,26.0,14,2,7,22.7
14,4,9,26.0,14,2,8,16.6
14,4,9,3.5,14,2,10,17.7
14,4,9,15.5,14,2,11,5.4
14,4,9,21.6,14,3,5,10.7
14,4,9,13.7,14,3,6,55.3
14,4,9,12.4,14,3,7,4.0
14,4,9,16.8,14,3,8,22.0
14,4,9,17.7,14,3,10,7.2
14,4,9,6.2,14,3,11,4.6
14,4,9,46.9,14,5,6,12.2
14,4,9,17.7,14,5,7,26.0
14,4,9,20.6,14,5,8,21.6
14,4,9,3.5,14,5,10,6.5
14,4,9,5.5,14,5,11,7.0
14,4,9,22.7,14,6,7,21.3
14,4,9,16.2,14,6,8,14.9
14,4,9,17.0,14,6,10,15.3
14,4,9,27.0,14,6,11,4.5
14,4,9,16.2,14,7,8,23.8
14,4,9,19.8,14,7,10,13.2
14,4,9,22.7,14,7,11,17.7
14,4,9,30.6,14,8,10,5.7
14,4,9,19.1,14,8,11,4.9
14,4,9,7.1,14,10,11,6.3
14,4,10,3.4,14,0,1,21.3
14,4,10,6.7,14,0,2,18.4
14,4,10,7.6,14,0,3,4.3
14,4,10,7.4,14,0,5,22.1
14,4,10,7.2,14,0,6,3.4
14,4,10,7.3,14,0,7,27.8
14,4,10,5.4,14,0,8,16.2
14,4,10,5.0,14,0,9,20.2
14,4,10,7.2,14,0,11,10.4
14,4,10,8.8,14,1,2,10.7
14,4,10,9.8,14,1,3,23.8
14,4,10,4.3,14,1,5,13.5
14,4,10,7.0,14,1,6,16.2
14,4,10,5.0,14,1,7,29.2
14,4,10,9.4,14,1,8,0.0
14,4,10,4.7,14,1,9,12.4
14,4,10,5.3,14,1,11,4.2
14,4,10,4.2,14,2,3,7.4
14,4,10,7.8,14,2,5,21.9
14,4,10,4.5,14,2,6,3.5
14,4,10,12.9,14,2,7,18.4
14,4,10,7.0,14,2,8,15.9
14,4,10,4.6,14,2,9,16.8
14,4,10,3.6,14,2,11,12.5
14,4,10,4.3,14,3,5,7.6
14,4,10,6.8,14,3,6,6.2
14,4,10,3.8,14,3,7,8.0
14,4,10,6.5,14,3,8,19.8
14,4,10,5.1,14,3,9,3.8
14,4,10,3.9,14,3,11,6.7
14,4,10,9.3,14,5,6,3.8
14,4,10,3.8,14,5,7,19.8
14,4,10,6.2,14,5,8,35.6
14,4,10,5.6,14,5,9,15.2
14,4,10,4.3,14,5,11,5.0
14,4,10,6.8,14,6,7,6.4
14,4,10,4.0,14,6,8,47.9
14,4,10,3.6,14,6,9,19.8
14,4,10,1.4,14,6,11,14.2
14,4,10,14.1,14,7,8,16.2
14,4,10,3.7,14,7,9,14.8
14,4,10,7.3,14,7,11,6.6
14,4,10,4.2,14,8,9,44.7
14,4,10,7.0,14,8,11,23.3
14,4,10,6.0,14,9,11,7.6
14,4,11,6.6,14,0,1,19.1
14,4,11,15.9,14,0,2,7.1
14,4,11,9.9,14,0,3,19.8
14,4,11,11.9,14,0,5,7.5
14,4,11,9.7,14,0,6,15.2
14,4,11,9.1,14,0,7,20.6
14,4,11,30.0,14,0,8,2.2
14,4,11,10.7,14,0,9,35.0
14,4,11,6.6,14,0,10,10.5
14,4,11,6.8,14,1,2,19.1
14,4,11,58.5,14,1,3,15.5
14,4,11,11.8,14,1,5,12.8
14,4,11,7.8,14,1,6,19.1
14,4,11,4.7,14,1,7,15.9
14,4,11,4.8,14,1,8,25.2
14,4,11,3.5,14,1,9,34.6
14,4,11,31.8,14,1,10,15.8
14,4,11,9.7,14,2,3,19.8
14,4,11,14.4,14,2,5,7.6
14,4,11,38.6,14,2,6,31.7
14,4,11,15.6,14,2,7,18.0
14,4,11,8.2,14,2,8,19.1
14,4,11,3.9,14,2,9,8.3
14,4,11,11.3,14,2,10,12.2
14,4,11,5.7,14,3,5,5.2
14,4,11,11.0,14,3,6,20.9
14,4,11,6.2,14,3,7,35.3
14,4,11,4.3,14,3,8,22.4
14,4,11,5.8,14,3,9,6.1
14,4,11,7.2,14,3,10,4.3
14,4,11,13.1,14,5,6,17.1
14,4,11,15.2,14,5,7,113.8
14,4,11,8.0,14,5,8,19.8
14,4,11,5.2,14,5,9,32.8
14,4,11,10.8,14,5,10,6.7
14,4,11,6.7,14,6,7,9.4
14,4,11,10.8,14,6,8,27.8
14,4,11,21.1,14,6,9,23.4
14,4,11,3.8,14,6,10,7.5
14,4,11,5.1,14,7,8,24.2
14,4,11,31.6,14,7,9,41.4
14,4,11,7.3,14,7,10,19.4
14,4,11,3.6,14,8,9,10.8
14,4,11,10.8,14,8,10,9.9
14,4,11,3.6,14,9,10,5.0
14,5,6,27.4,14,0,1,3.6
14,5,6,33.9,14,0,2,16.2
14,5,6,28.5,14,0,3,19.8
14,5,6,12.2,14,0,4,18.0
14,5,6,10.2,14,0,7,17.3
14,5,6,15.9,14,0,8,19.2
14,5,6,16.9,14,0,9,15.9
14,5,6,22.9,14,0,10,4.8
14,5,6,38.6,14,0,11,11.2
14,5,6,20.2,14,1,2,9.8
14,5,6,17.4,14,1,3,38.6
14,5,6,13.5,14,1,4,20.9
14,5,6,31.1,14,1,7,22.7
14,5,6,19.5,14,1,8,17.7
14,5,6,19.8,14,1,9,78.9
14,5,6,4.1,14,1,10,13.6
14,5,6,9.0,14,1,11,20.4
14,5,6,8.3,14,2,3,3.9
14,5,6,6.8,14,2,4,28.1
14,5,6,18.0,14,2,7,23.8
14,5,6,12.5,14,2,8,20.2
14,5,6,19.5,14,2,9,7.6
14,5,6,3.9,14,2,10,6.9
14,5,6,2.2,14,2,11,14.8
14,5,6,23.4,14,3,4,18.8
14,5,6,17.7,14,3,7,17.7
14,5,6,0.0,14,3,8,0.0
14,5,6,15.5,14,3,9,7.6
14,5,6,17.7,14,3,10,33.5
14,5,6,11.7,14,3,11,7.5
14,5,6,18.4,14,4,7,27.0
14,5,6,18.4,14,4,8,45.0
14,5,6,30.6,14,4,9,17.0
14,5,6,14.3,14,4,10,19.5
14,5,6,9.4,14,4,11,8.2
14,5,6,4.0,14,7,8,9.9
14,5,6,41.1,14,7,9,35.7
14,5,6,30.3,14,7,10,19.1
14,5,6,20.6,14,7,11,19.6
14,5,6,40.0,14,8,9,17.7
14,5,6,24.9,14,8,10,22.0
14,5,6,18.4,14,8,11,18.0
14,5,6,28.4,14,9,10,3.8
14,5,6,7.5,14,9,11,19.2
14,5,6,9.6,14,10,11,8.2
14,5,7,15.5,14,0,1,9.2
14,5,7,30.6,14,0,2,4.9
14,5,7,11.0,14,0,3,16.6
14,5,7,15.5,14,0,4,30.3
14,5,7,23.1,14,0,6,10.6
14,5,7,14.4,14,0,8,0.7
14,5,7,41.7,14,0,9,17.0
14,5,7,10.8,14,0,10,20.6
14,5,7,23.8,14,0,11,17.2
14,5,7,26.0,14,1,2,18.0
14,5,7,8.2,14,1,3,36.8
14,5,7,26.9,14,1,4,3.5
14,5,7,10.4,14,1,6,31.0
14,5,7,22.7,14,1,8,6.0
14,5,7,37.8,14,1,9,7.0
14,5,7,40.0,14,1,10,3.5
14,5,7,12.0,14,1,11,10.2
14,5,7,22.4,14,2,3,23.8
14,5,7,8.0,14,2,4,12.1
14,5,7,3.2,14,2,6,15.2
14,5,7,17.7,14,2,8,3.5
14,5,7,17.0,14,2,9,20.2
14,5,7,3.6,14,2,10,7.2
14,5,7,18.0,14,2,11,19.8
14,5,7,10.4,14,3,4,7.4
14,5,7,16.6,14,3,6,17.0
14,5,7,15.9,14,3,8,2.2
14,5,7,17.3,14,3,9,17.3
14,5,7,8.4,14,3,10,21.6
14,5,7,16.6,14,3,11,8.9
14,5,7,3.7,14,4,6,33.5
14,5,7,17.0,14,4,8,20.9
14,5,7,21.3,14,4,9,22.4
14,5,7,9.1,14,4,10,15.9
14,5,7,20.9,14,4,11,6.0
14,5,7,5.1,14,6,8,18.4
14,5,7,22.0,14,6,9,9.8
14,5,7,8.9,14,6,10,19.1
14,5,7,17.0,14,6,11,18.1
14,5,7,17.3,14,8,9,16.2
14,5,7,20.2,14,8,10,22.0
14,5,7,9.7,14,8,11,16.4
14,5,7,51.9,14,9,10,25.6
14,5,7,8.8,14,9,11,16.4
14,5,7,24.5,14,10,11,4.6
14,5,8,37.5,14,0,1,21.5
14,5,8,13.6,14,0,2,14.2
14,5,8,3.4,14,0,3,20.6
14,5,8,6.7,14,0,4,53.3
14,5,8,3.7,14,0,6,19.8
14,5,8,4.4,14,0,7,7.8
14,5,8,59.1,14,0,9,12.6
14,5,8,20.6,14,0,10,16.2
14,5,8,25.6,14,0,11,10.7
14,5,8,24.6,14,1,2,6.4
14,5,8,19.1,14,1,3,16.2
14,5,8,3.9,14,1,4,15.9
14,5,8,4.1,14,1,6,21.6
14,5,8,20.2,14,1,7,14.4
14,5,8,4.3,14,1,9,10.6
14,5,8,19.5,14,1,10,53.7
14,5,8,7.6,14,1,11,19.6
14,5,8,18.4,14,2,3,19.1
14,5,8,10.6,14,2,4,24.5
14,5,8,9.6,14,2,6,19.8
14,5,8,24.2,14,2,7,3.6
14,5,8,29.9,14,2,9,15.9
14,5,8,16.4,14,2,10,17.3
14,5,8,37.8,14,2,11,22.4
14,5,8,26.7,14,3,4,24.5
14,5,8,32.8,14,3,6,19.8
14,5,8,18.4,14,3,7,20.9
14,5,8,3.7,14,3,9,5.2
14,5,8,5.8,14,3,10,27.0
14,5,8,22.4,14,3,11,14.1
14,5,8,15.9,14,4,6,33.2
14,5,8,15.2,14,4,7,12.0
14,5,8,20.9,14,4,9,19.1
14,5,8,18.8,14,4,10,5.0
14,5,8,6.3,14,4,11,14.0
14,5,8,3.9,14,6,7,14.1
14,5,8,18.0,14,6,9,18.4
14,5,8,16.2,14,6,10,12.4
14,5,8,3.7,14,6,11,18.6
14,5,8,3.8,14,7,9,22.7
14,5,8,19.5,14,7,10,6.9
14,5,8,5.7,14,7,11,16.7
14,5,8,9.1,14,9,10,18.4
14,5,8,3.5,14,9,11,9.1
14,5,8,13.3,14,10,11,11.9
14,5,9,23.1,14,0,1,20.6
14,5,9,21.3,14,0,2,17.3
14,5,9,22.4,14,0,3,23.1
14,5,9,21.6,14,0,4,8.4
14,5,9,3.5,14,0,6,6.5
14,5,9,5.4,14,0,7,20.9
14,5,9,22.0,14,0,8,17.3
14,5,9,37.1,14,0,10,16.2
14,5,9,74.6,14,0,11,12.9
14,5,9,17.3,14,1,2,20.6
14,5,9,26.2,14,1,3,9.7
14,5,9,28.8,14,1,4,29.9
14,5,9,16.6,14,1,6,15.5
14,5,9,18.0,14,1,7,6.0
14,5,9,36.4,14,1,8,22.4
14,5,9,18.4,14,1,10,16.6
14,5,9,17.0,14,1,11,17.1
14,5,9,22.4,14,2,3,23.8
14,5,9,16.6,14,2,4,20.9
14,5,9,17.7,14,2,6,21.6
14,5,9,4.2,14,2,7,18.8
14,5,9,15.0,14,2,8,18.4
14,5,9,4.5,14,2,10,18.8
14,5,9,18.0,14,2,11,11.2
14,5,9,11.1,14,3,4,20.9
14,5,9,28.1,14,3,6,19.5
14,5,9,7.8,14,3,7,33.2
14,5,9,8.1,14,3,8,6.7
14,5,9,7.2,14,3,10,18.0
14,5,9,4.5,14,3,11,5.7
14,5,9,3.8,14,4,6,26.0
14,5,9,15.5,14,4,7,24.2
14,5,9,35.4,14,4,8,85.3
14,5,9,4.7,14,4,10,4.2
14,5,9,17.7,14,4,11,5.8
14,5,9,22.0,14,6,7,23.1
14,5,9,6.6,14,6,8,14.4
14,5,9,26.0,14,6,10,18.8
14,5,9,16.6,14,6,11,7.5
14,5,9,9.5,14,7,8,17.7
14,5,9,9.3,14,7,10,27.4
14,5,9,8.4,14,7,11,26.0
14,5,9,22.4,14,8,10,13.7
14,5,9,17.3,14,8,11,14.4
14,5,9,5.2,14,10,11,7.1
14,5,10,22.0,14,0,1,38.6
14,5,10,26.0,14,0,2,18.4
14,5,10,15.5,14,0,3,15.2
14,5,10,8.0,14,0,4,18.2
14,5,10,40.0,14,0,6,3.5
14,5,10,11.6,14,0,7,20.2
14,5,10,11.4,14,0,8,23.8
14,5,10,50.1,14,0,9,22.0
14,5,10,18.0,14,0,11,18.0
14,5,10,17.6,14,1,2,22.0
14,5,10,39.3,14,1,3,9.7
14,5,10,10.3,14,1,4,18.3
14,5,10,6.0,14,1,6,5.4
14,5,10,25.6,14,1,7,19.8
14,5,10,38.9,14,1,8,19.8
14,5,10,20.6,14,1,9,34.2
14,5,10,35.3,14,1,11,13.3
14,5,10,20.9,14,2,3,32.0
14,5,10,31.7,14,2,4,40.0
14,5,10,22.4,14,2,6,15.2
14,5,10,18.0,14,2,7,16.2
14,5,10,19.5,14,2,8,19.8
14,5,10,18.4,14,2,9,27.2
14,5,10,12.0,14,2,11,3.7
14,5,10,6.0,14,3,4,5.9
14,5,10,18.0,14,3,6,6.3
14,5,10,33.5,14,3,7,20.6
14,5,10,18.8,14,3,8,19.1
14,5,10,19.8,14,3,9,5.3
14,5,10,9.7,14,3,11,4.6
14,5,10,4.5,14,4,6,40.7
14,5,10,13.5,14,4,7,32.1
14,5,10,21.6,14,4,8,19.5
14,5,10,18.8,14,4,9,31.7
14,5,10,19.5,14,4,11,2.9
14,5,10,15.5,14,6,7,17.3
14,5,10,4.2,14,6,8,16.2
14,5,10,3.9,14,6,9,4.4
14,5,10,18.4,14,6,11,9.4
14,5,10,26.0,14,7,8,18.0
14,5,10,15.9,14,7,9,0.0
14,5,10,15.9,14,7,11,5.5
14,5,10,3.5,14,8,9,6.8
14,5,10,5.0,14,8,11,16.6
14,5,10,17.0,14,9,11,4.1
14,5,11,10.0,14,0,1,18.8
14,5,11,6.9,14,0,2,20.2
14,5,11,6.9,14,0,3,20.9
14,5,11,3.3,14,0,4,18.0
14,5,11,5.7,14,0,6,3.8
14,5,11,6.7,14,0,7,41.4
14,5,11,3.5,14,0,8,17.0
14,5,11,6.7,14,0,9,16.6
14,5,11,10.1,14,0,10,5.3
14,5,11,6.8,14,1,2,79.3
14,5,11,4.3,14,1,3,32.8
14,5,11,7.1,14,1,4,18.4
14,5,11,6.5,14,1,6,25.2
14,5,11,6.2,14,1,7,6.0
14,5,11,7.4,14,1,8,19.1
14,5,11,12.3,14,1,9,28.4
14,5,11,4.9,14,1,10,15.2
14,5,11,8.8,14,2,3,8.7
14,5,11,7.6,14,2,4,10.3
14,5,11,6.1,14,2,6,7.3
14,5,11,13.0,14,2,7,0.0
14,5,11,3.9,14,2,8,21.6
14,5,11,6.1,14,2,9,18.4
14,5,11,4.6,14,2,10,18.0
14,5,11,4.2,14,3,4,31.4
14,5,11,3.6,14,3,6,23.8
14,5,11,6.7,14,3,7,23.1
14,5,11,3.5,14,3,8,20.9
14,5,11,4.3,14,3,9,4.3
14,5,11,4.7,14,3,10,4.2
14,5,11,11.3,14,4,6,29.2
14,5,11,6.8,14,4,7,18.8
14,5,11,9.6,14,4,8,4.6
14,5,11,3.5,14,4,9,15.5
14,5,11,4.7,14,4,10,5.4
14,5,11,4.3,14,6,7,54.8
14,5,11,3.4,14,6,8,5.4
14,5,11,8.5,14,6,9,8.7
14,5,11,3.7,14,6,10,17.3
14,5,11,9.4,14,7,8,16.6
14,5,11,6.1,14,7,9,17.3
14,5,11,4.0,14,7,10,13.2
14,5,11,3.5,14,8,9,15.9
14,5,11,9.6,14,8,10,31.4
14,5,11,3.3,14,9,10,17.0
14,6,7,18.8,14,0,1,28.1
14,6,7,19.5,14,0,2,17.7
14,6,7,19.8,14,0,3,34.2
14,6,7,19.1,14,0,4,21.6
14,6,7,14.4,14,0,5,14.8
14,6,7,19.5,14,0,8,16.6
14,6,7,7.2,14,0,9,15.1
14,6,7,23.1,14,0,10,19.1
14,6,7,18.4,14,0,11,6.6
14,6,7,17.7,14,1,2,21.6
14,6,7,16.6,14,1,3,12.5
14,6,7,26.0,14,1,4,22.4
14,6,7,25.2,14,1,5,7.8
14,6,7,6.5,14,1,8,4.3
14,6,7,10.7,14,1,9,9.2
14,6,7,36.8,14,1,10,16.6
14,6,7,7.0,14,1,11,10.2
14,6,7,15.5,14,2,3,29.9
14,6,7,15.2,14,2,4,17.0
14,6,7,5.0,14,2,5,12.0
14,6,7,3.9,14,2,8,5.6
14,6,7,20.6,14,2,9,20.6
14,6,7,16.2,14,2,10,22.7
14,6,7,11.2,14,2,11,6.4
14,6,7,19.1,14,3,4,24.9
14,6,7,14.0,14,3,5,8.5
14,6,7,3.4,14,3,8,18.0
14,6,7,10.2,14,3,9,6.2
14,6,7,3.9,14,3,10,107.9
14,6,7,3.4,14,3,11,2.2
14,6,7,13.3,14,4,5,15.0
14,6,7,6.0,14,4,8,8.7
14,6,7,5.4,14,4,9,17.3
14,6,7,19.8,14,4,10,3.5
14,6,7,3.8,14,4,11,6.2
14,6,7,3.8,14,5,8,0.0
14,6,7,3.5,14,5,9,17.7
14,6,7,55.1,14,5,10,14.1
14,6,7,15.2,14,5,11,9.0
14,6,7,5.8,14,8,9,20.9
14,6,7,21.3,14,8,10,16.6
14,6,7,3.9,14,8,11,27.5
14,6,7,24.5,14,9,10,38.2
14,6,7,24.9,14,9,11,13.7
14,6,7,21.3,14,10,11,5.1
14,6,8,14.8,14,0,1,18.0
14,6,8,19.5,14,0,2,16.2
14,6,8,14.8,14,0,3,18.0
14,6,8,20.9,14,0,4,27.8
14,6,8,22.7,14,0,5,20.6
14,6,8,3.8,14,0,7,4.4
14,6,8,17.3,14,0,9,40.0
14,6,8,14.8,14,0,10,35.7
14,6,8,4.5,14,0,11,5.7
14,6,8,16.2,14,1,2,13.7
14,6,8,15.9,14,1,3,22.7
14,6,8,16.6,14,1,4,7.2
14,6,8,13.7,14,1,5,8.6
14,6,8,15.5,14,1,7,7.5
14,6,8,15.9,14,1,9,42.5
14,6,8,29.2,14,1,10,17.0
14,6,8,17.0,14,1,11,8.5
14,6,8,19.1,14,2,3,15.9
14,6,8,26.0,14,2,4,28.1
14,6,8,14.9,14,2,5,10.8
14,6,8,7.4,14,2,7,6.9
14,6,8,11.9,14,2,9,7.1
14,6,8,7.7,14,2,10,35.7
14,6,8,16.0,14,2,11,8.2
14,6,8,18.0,14,3,4,20.9
14,6,8,21.3,14,3,5,8.7
14,6,8,15.5,14,3,7,31.3
14,6,8,19.5,14,3,9,3.7
14,6,8,16.6,14,3,10,23.4
14,6,8,18.4,14,3,11,8.7
14,6,8,35.0,14,4,5,11.6
14,6,8,22.4,14,4,7,14.4
14,6,8,24.5,14,4,9,19.8
14,6,8,24.9,14,4,10,4.4
14,6,8,17.7,14,4,11,10.3
14,6,8,15.5,14,5,7,21.6
14,6,8,26.3,14,5,9,20.9
14,6,8,33.5,14,5,10,18.0
14,6,8,19.8,14,5,11,11.4
14,6,8,6.7,14,7,9,17.1
14,6,8,18.4,14,7,10,31.0
14,6,8,4.1,14,7,11,3.7
14,6,8,22.7,14,9,10,24.9
14,6,8,17.3,14,9,11,5.0
14,6,8,21.3,14,10,11,21.2
14,6,9,5.9,14,0,1,15.1
14,6,9,5.8,14,0,2,18.4
14,6,9,31.5,14,0,3,21.8
14,6,9,4.8,14,0,4,22.0
14,6,9,31.7,14,0,5,19.1
14,6,9,16.9,14,0,7,31.4
14,6,9,65.6,14,0,8,17.3
14,6,9,17.3,14,0,10,6.4
14,6,9,17.7,14,0,11,6.4
14,6,9,36.8,14,1,2,17.0
14,6,9,30.6,14,1,3,20.9
14,6,9,31.4,14,1,4,38.2
14,6,9,41.1,14,1,5,8.9
14,6,9,4.1,14,1,7,21.3
14,6,9,22.0,14,1,8,22.7
14,6,9,43.2,14,1,10,21.3
14,6,9,6.1,14,1,11,11.3
14,6,9,14.8,14,2,3,21.6
14,6,9,41.4,14,2,4,25.4
14,6,9,17.0,14,2,5,11.6
14,6,9,20.2,14,2,7,3.5
14,6,9,17.0,14,2,8,24.9
14,6,9,3.5,14,2,10,32.8
14,6,9,20.2,14,2,11,6.3
14,6,9,11.2,14,3,4,2.1
14,6,9,11.4,14,3,5,6.0
14,6,9,18.9,14,3,7,7.5
14,6,9,20.8,14,3,8,16.6
14,6,9,20.6,14,3,10,5.3
14,6,9,6.5,14,3,11,5.9
14,6,9,16.2,14,4,5,17.3
14,6,9,17.3,14,4,7,14.8
14,6,9,5.2,14,4,8,17.7
14,6,9,23.1,14,4,10,22.4
14,6,9,18.0,14,4,11,35.1
14,6,9,3.5,14,5,7,23.4
14,6,9,16.2,14,5,8,18.8
14,6,9,16.6,14,5,10,32.8
14,6,9,34.2,14,5,11,6.4
14,6,9,26.0,14,7,8,16.2
14,6,9,18.4,14,7,10,22.0
14,6,9,21.3,14,7,11,4.1
14,6,9,28.1,14,8,10,22.0
14,6,9,15.4,14,8,11,4.7
14,6,9,14.4,14,10,11,7.8
14,6,10,22.4,14,0,1,17.7
14,6,10,23.8,14,0,2,14.8
14,6,10,18.4,14,0,3,10.8
14,6,10,40.4,14,0,4,36.0
14,6,10,3.5,14,0,5,26.9
14,6,10,20.9,14,0,7,5.0
14,6,10,17.0,14,0,8,19.8
14,6,10,19.1,14,0,9,27.0
14,6,10,18.0,14,0,11,6.4
14,6,10,4.6,14,1,2,8.4
14,6,10,5.9,14,1,3,19.1
14,6,10,27.0,14,1,4,40.0
14,6,10,35.7,14,1,5,12.7
14,6,10,22.4,14,1,7,3.7
14,6,10,11.6,14,1,8,18.8
14,6,10,20.9,14,1,9,32.4
14,6,10,18.4,14,1,11,14.1
14,6,10,7.8,14,2,3,5.9
14,6,10,30.6,14,2,4,34.6
14,6,10,17.7,14,2,5,6.0
14,6,10,3.6,14,2,7,18.4
14,6,10,22.4,14,2,8,9.1
14,6,10,19.5,14,2,9,35.7
14,6,10,20.9,14,2,11,13.8
14,6,10,26.7,14,3,4,30.3
14,6,10,12.3,14,3,5,4.8
14,6,10,3.6,14,3,7,21.6
14,6,10,22.0,14,3,8,17.7
14,6,10,24.9,14,3,9,18.4
14,6,10,15.9,14,3,11,6.1
14,6,10,6.6,14,4,5,9.7
14,6,10,17.1,14,4,7,19.5
14,6,10,15.1,14,4,8,35.0
14,6,10,14.8,14,4,9,19.1
14,6,10,19.3,14,4,11,6.2
14,6,10,14.8,14,5,7,13.4
14,6,10,4.2,14,5,8,18.4
14,6,10,19.5,14,5,9,10.4
14,6,10,14.8,14,5,11,5.5
14,6,10,30.6,14,7,8,15.2
14,6,10,34.2,14,7,9,23.4
14,6,10,17.7,14,7,11,8.1
14,6,10,25.6,14,8,9,26.0
14,6,10,9.0,14,8,11,5.4
14,6,10,21.3,14,9,11,5.0
14,6,11,15.0,14,0,1,35.0
14,6,11,12.3,14,0,2,4.5
14,6,11,8.0,14,0,3,36.8
14,6,11,4.3,14,0,4,21.3
14,6,11,12.8,14,0,5,28.6
14,6,11,12.7,14,0,7,21.3
14,6,11,5.9,14,0,8,10.5
14,6,11,3.9,14,0,9,20.2
14,6,11,7.1,14,0,10,22.4
14,6,11,5.4,14,1,2,4.5
14,6,11,13.6,14,1,3,43.2
14,6,11,4.2,14,1,4,4.6
14,6,11,28.7,14,1,5,13.6
14,6,11,8.1,14,1,7,15.5
14,6,11,8.2,14,1,8,34.2
14,6,11,6.0,14,1,9,8.5
14,6,11,6.2,14,1,10,31.4
14,6,11,10.1,14,2,3,24.9
14,6,11,9.3,14,2,4,24.9
14,6,11,11.8,14,2,5,48.3
14,6,11,8.0,14,2,7,17.3
14,6,11,14.4,14,2,8,6.6
14,6,11,8.0,14,2,9,34.2
14,6,11,7.8,14,2,10,16.2
14,6,11,12.8,14,3,4,4.0
14,6,11,23.9,14,3,5,17.0
14,6,11,13.7,14,3,7,18.8
14,6,11,35.7,14,3,8,4.0
14,6,11,19.2,14,3,9,6.8
14,6,11,12.0,14,3,10,4.3
14,6,11,31.1,14,4,5,19.5
14,6,11,7.7,14,4,7,7.9
14,6,11,4.7,14,4,8,26.0
14,6,11,8.6,14,4,9,18.0
14,6,11,9.8,14,4,10,22.7
14,6,11,24.7,14,5,7,19.8
14,6,11,8.0,14,5,8,6.3
14,6,11,8.8,14,5,9,19.1
14,6,11,11.2,14,5,10,22.0
14,6,11,5.0,14,7,8,0.0
14,6,11,4.5,14,7,9,36.0
14,6,11,3.9,14,7,10,17.0
14,6,11,4.8,14,8,9,17.7
14,6,11,5.7,14,8,10,36.8
14,6,11,8.6,14,9,10,18.8
14,7,8,19.1,14,0,1,6.5
14,7,8,6.2,14,0,2,6.6
14,7,8,15.2,14,0,3,4.6
14,7,8,16.5,14,0,4,23.4
14,7,8,4.4,14,0,5,11.0
14,7,8,4.3,14,0,6,15.2
14,7,8,3.9,14,0,9,21.3
14,7,8,3.4,14,0,10,20.2
14,7,8,6.1,14,0,11,6.6
14,7,8,16.2,14,1,2,14.8
14,7,8,16.6,14,1,3,4.5
14,7,8,23.1,14,1,4,10.7
14,7,8,56.6,14,1,5,52.3
14,7,8,30.3,14,1,6,5.1
14,7,8,4.7,14,1,9,3.8
14,7,8,8.0,14,1,10,22.7
14,7,8,19.8,14,1,11,8.3
14,7,8,16.7,14,2,3,23.4
14,7,8,26.0,14,2,4,4.0
14,7,8,23.8,14,2,5,7.6
14,7,8,18.4,14,2,6,6.1
14,7,8,11.8,14,2,9,5.8
14,7,8,27.0,14,2,10,33.5
14,7,8,6.8,14,2,11,6.8
14,7,8,26.7,14,3,4,22.3
14,7,8,52.6,14,3,5,17.9
14,7,8,27.8,14,3,6,13.7
14,7,8,12.6,14,3,9,3.3
14,7,8,45.8,14,3,10,17.0
14,7,8,21.6,14,3,11,5.7
14,7,8,10.6,14,4,5,12.7
14,7,8,19.1,14,4,6,5.4
14,7,8,18.8,14,4,9,21.6
14,7,8,28.1,14,4,10,3.5
14,7,8,23.1,14,4,11,2.9
14,7,8,7.1,14,5,6,14.8
14,7,8,14.4,14,5,9,22.4
14,7,8,12.5,14,5,10,27.4
14,7,8,16.6,14,5,11,3.4
14,7,8,9.4,14,6,9,3.9
14,7,8,10.3,14,6,10,16.2
14,7,8,7.5,14,6,11,10.2
14,7,8,23.1,14,9,10,3.5
14,7,8,26.3,14,9,11,8.7
14,7,8,23.1,14,10,11,3.7
14,7,9,23.4,14,0,1,13.0
14,7,9,6.5,14,0,2,5.5
14,7,9,19.2,14,0,3,15.5
14,7,9,3.6,14,0,4,16.6
14,7,9,4.0,14,0,5,16.6
14,7,9,20.6,14,0,6,20.6
14,7,9,8.3,14,0,8,7.6
14,7,9,17.4,14,0,10,9.9
14,7,9,21.3,14,0,11,8.6
14,7,9,11.2,14,1,2,18.4
14,7,9,18.3,14,1,3,12.8
14,7,9,13.2,14,1,4,19.4
14,7,9,23.1,14,1,5,4.5
14,7,9,21.6,14,1,6,5.4
14,7,9,3.6,14,1,8,32.8
14,7,9,3.4,14,1,10,15.5
14,7,9,6.3,14,1,11,6.5
14,7,9,35.3,14,2,3,32.4
14,7,9,4.8,14,2,4,35.3
14,7,9,3.4,14,2,5,3.8
14,7,9,18.4,14,2,6,19.5
14,7,9,40.0,14,2,8,16.6
14,7,9,15.5,14,2,10,6.7
14,7,9,15.2,14,2,11,6.8
14,7,9,19.9,14,3,4,18.7
14,7,9,15.4,14,3,5,3.3
14,7,9,15.7,14,3,6,28.8
14,7,9,21.8,14,3,8,15.2
14,7,9,16.2,14,3,10,19.1
14,7,9,9.7,14,3,11,9.7
14,7,9,3.5,14,4,5,17.6
14,7,9,18.0,14,4,6,20.2
14,7,9,3.4,14,4,8,7.0
14,7,9,44.7,14,4,10,6.9
14,7,9,4.3,14,4,11,6.5
14,7,9,6.0,14,5,6,17.3
14,7,9,44.3,14,5,8,31.2
14,7,9,12.3,14,5,10,4.0
14,7,9,8.0,14,5,11,3.6
14,7,9,22.0,14,6,8,15.2
14,7,9,19.1,14,6,10,18.4
14,7,9,25.2,14,6,11,9.5
14,7,9,29.6,14,8,10,35.3
14,7,9,58.0,14,8,11,5.8
14,7,9,17.3,14,10,11,8.7
14,7,10,3.7,14,0,1,3.9
14,7,10,19.5,14,0,2,11.9
14,7,10,18.8,14,0,3,23.1
14,7,10,25.6,14,0,4,25.9
14,7,10,33.2,14,0,5,6.1
14,7,10,23.1,14,0,6,13.4
14,7,10,12.6,14,0,8,30.6
14,7,10,7.1,14,0,9,41.4
14,7,10,17.3,14,0,11,9.7
14,7,10,19.8,14,1,2,24.9
14,7,10,19.1,14,1,3,17.7
14,7,10,45.8,14,1,4,37.1
14,7,10,19.1,14,1,5,12.2
14,7,10,25.2,14,1,6,27.7
14,7,10,4.0,14,1,8,21.3
14,7,10,20.2,14,1,9,3.5
14,7,10,7.0,14,1,11,5.1
14,7,10,24.2,14,2,3,17.3
14,7,10,37.1,14,2,4,39.3
14,7,10,3.8,14,2,5,9.9
14,7,10,18.8,14,2,6,68.1
14,7,10,6.5,14,2,8,19.1
14,7,10,10.5,14,2,9,26.7
14,7,10,20.6,14,2,11,4.6
14,7,10,23.8,14,3,4,25.2
14,7,10,4.6,14,3,5,12.9
14,7,10,9.2,14,3,6,4.5
14,7,10,13.4,14,3,8,37.8
14,7,10,17.0,14,3,9,8.5
14,7,10,3.7,14,3,11,11.7
14,7,10,25.6,14,4,5,9.3
14,7,10,13.9,14,4,6,18.4
14,7,10,35.3,14,4,8,6.9
14,7,10,6.3,14,4,9,15.3
14,7,10,13.3,14,4,11,8.7
14,7,10,14.4,14,5,6,12.6
14,7,10,3.6,14,5,8,21.6
14,7,10,16.5,14,5,9,26.3
14,7,10,19.5,14,5,11,7.8
14,7,10,18.4,14,6,8,39.6
14,7,10,21.6,14,6,9,19.5
14,7,10,18.8,14,6,11,11.2
14,7,10,18.4,14,8,9,29.2
14,7,10,27.0,14,8,11,5.8
14,7,10,3.5,14,9,11,10.2
14,7,11,11.1,14,0,1,11.5
14,7,11,11.3,14,0,2,21.3
14,7,11,5.2,14,0,3,17.3
14,7,11,4.1,14,0,4,18.0
14,7,11,22.6,14,0,5,20.5
14,7,11,3.5,14,0,6,7.0
14,7,11,10.1,14,0,8,18.4
14,7,11,4.0,14,0,9,18.0
14,7,11,3.9,14,0,10,18.4
14,7,11,6.1,14,1,2,31.4
14,7,11,3.4,14,1,3,4.1
14,7,11,4.3,14,1,4,19.1
14,7,11,13.5,14,1,5,19.1
14,7,11,3.3,14,1,6,11.2
14,7,11,3.8,14,1,8,18.8
14,7,11,6.4,14,1,9,19.1
14,7,11,3.3,14,1,10,18.8
14,7,11,4.5,14,2,3,20.6
14,7,11,12.6,14,2,4,16.2
14,7,11,19.2,14,2,5,21.3
14,7,11,8.6,14,2,6,15.2
14,7,11,3.7,14,2,8,4.3
14,7,11,3.3,14,2,9,18.4
14,7,11,28.9,14,2,10,38.9
14,7,11,3.9,14,3,4,7.3
14,7,11,7.4,14,3,5,17.6
14,7,11,6.8,14,3,6,22.0
14,7,11,3.8,14,3,8,25.2
14,7,11,4.8,14,3,9,4.3
14,7,11,5.3,14,3,10,3.9
14,7,11,15.7,14,4,5,17.1
14,7,11,3.4,14,4,6,42.2
14,7,11,5.7,14,4,8,32.1
14,7,11,7.3,14,4,9,17.0
14,7,11,9.4,14,4,10,3.3
14,7,11,15.9,14,5,6,58.4
14,7,11,19.9,14,5,8,4.2
14,7,11,9.6,14,5,9,17.3
14,7,11,11.3,14,5,10,4.8
14,7,11,3.2,14,6,8,17.7
14,7,11,6.4,14,6,9,19.8
14,7,11,3.9,14,6,10,15.2
14,7,11,4.3,14,8,9,17.0
14,7,11,7.3,14,8,10,20.9
14,7,11,4.2,14,9,10,16.2
14,8,9,21.6,14,0,1,7.6
14,8,9,8.6,14,0,2,5.8
14,8,9,13.7,14,0,3,13.1
14,8,9,4.1,14,0,4,19.1
14,8,9,15.9,14,0,5,11.7
14,8,9,26.5,14,0,6,2.2
14,8,9,14.8,14,0,7,41.5
14,8,9,25.2,14,0,10,19.8
14,8,9,3.6,14,0,11,5.9
14,8,9,4.0,14,1,2,14.3
14,8,9,18.3,14,1,3,32.3
14,8,9,19.8,14,1,4,18.8
14,8,9,17.7,14,1,5,9.1
14,8,9,6.5,14,1,6,19.1
14,8,9,3.6,14,1,7,7.2
14,8,9,3.8,14,1,10,20.6
14,8,9,18.8,14,1,11,6.0
14,8,9,27.8,14,2,3,37.1
14,8,9,3.4,14,2,4,19.8
14,8,9,18.8,14,2,5,8.2
14,8,9,13.8,14,2,6,6.8
14,8,9,4.0,14,2,7,8.4
14,8,9,13.7,14,2,10,7.6
14,8,9,20.9,14,2,11,12.7
14,8,9,23.8,14,3,4,7.0
14,8,9,14.5,14,3,5,12.3
14,8,9,38.9,14,3,6,35.0
14,8,9,30.3,14,3,7,11.0
14,8,9,24.9,14,3,10,22.0
14,8,9,22.7,14,3,11,11.5
14,8,9,19.8,14,4,5,4.8
14,8,9,19.1,14,4,6,62.0
14,8,9,19.1,14,4,7,5.8
14,8,9,27.0,14,4,10,22.4
14,8,9,22.4,14,4,11,23.4
14,8,9,17.7,14,5,6,19.1
14,8,9,15.2,14,5,7,7.2
14,8,9,3.8,14,5,10,17.7
14,8,9,21.3,14,5,11,9.2
14,8,9,23.4,14,6,7,17.0
14,8,9,20.2,14,6,10,29.2
14,8,9,15.5,14,6,11,3.8
14,8,9,19.5,14,7,10,1.8
14,8,9,19.1,14,7,11,12.8
14,8,9,18.8,14,10,11,8.5
14,8,10,9.6,14,0,1,6.7
14,8,10,19.5,14,0,2,26.3
14,8,10,22.0,14,0,3,16.6
14,8,10,27.8,14,0,4,26.0
14,8,10,4.0,14,0,5,17.7
14,8,10,68.6,14,0,6,14.3
14,8,10,3.6,14,0,7,6.7
14,8,10,22.0,14,0,9,35.7
14,8,10,7.7,14,0,11,10.8
14,8,10,17.3,14,1,2,7.6
14,8,10,21.3,14,1,3,4.6
14,8,10,36.0,14,1,4,45.4
14,8,10,18.8,14,1,5,16.1
14,8,10,41.8,14,1,6,29.9
14,8,10,3.4,14,1,7,17.3
14,8,10,4.0,14,1,9,20.9
14,8,10,18.0,14,1,11,39.4
14,8,10,18.0,14,2,3,4.7
14,8,10,18.0,14,2,4,27.2
14,8,10,6.4,14,2,5,13.0
14,8,10,19.5,14,2,6,32.8
14,8,10,32.1,14,2,7,20.6
14,8,10,22.0,14,2,9,69.5
14,8,10,22.0,14,2,11,9.1
14,8,10,22.0,14,3,4,28.1
14,8,10,19.3,14,3,5,32.3
14,8,10,18.8,14,3,6,3.4
14,8,10,7.8,14,3,7,13.4
14,8,10,33.5,14,3,9,3.8
14,8,10,20.2,14,3,11,9.8
14,8,10,17.4,14,4,5,4.4
14,8,10,27.8,14,4,6,13.6
14,8,10,26.2,14,4,7,18.0
14,8,10,13.6,14,4,9,22.4
14,8,10,6.8,14,4,11,10.1
14,8,10,58.0,14,5,6,20.6
14,8,10,21.6,14,5,7,6.9
14,8,10,6.9,14,5,9,5.0
14,8,10,15.9,14,5,11,9.4
14,8,10,27.4,14,6,7,19.5
14,8,10,20.6,14,6,9,17.3
14,8,10,8.1,14,6,11,8.0
14,8,10,13.4,14,7,9,9.2
14,8,10,22.4,14,7,11,4.6
14,8,10,26.7,14,9,11,19.7
14,8,11,6.3,14,0,1,32.4
14,8,11,6.0,14,0,2,2.9
14,8,11,32.0,14,0,3,46.8
14,8,11,3.9,14,0,4,3.5
14,8,11,25.2,14,0,5,15.9
14,8,11,9.8,14,0,6,4.1
14,8,11,12.4,14,0,7,7.3
14,8,11,12.7,14,0,9,22.4
14,8,11,45.9,14,0,10,5.0
14,8,11,21.9,14,1,2,7.0
14,8,11,4.7,14,1,3,18.8
14,8,11,22.7,14,1,4,20.9
14,8,11,18.0,14,1,5,17.9
14,8,11,7.1,14,1,6,24.2
14,8,11,6.4,14,1,7,3.7
14,8,11,6.6,14,1,9,16.6
14,8,11,14.1,14,1,10,15.9
14,8,11,10.5,14,2,3,38.9
14,8,11,4.0,14,2,4,32.1
14,8,11,17.7,14,2,5,26.6
14,8,11,9.3,14,2,6,7.3
14,8,11,10.1,14,2,7,17.0
14,8,11,7.3,14,2,9,17.3
14,8,11,3.4,14,2,10,9.4
14,8,11,10.6,14,3,4,22.4
14,8,11,9.8,14,3,5,13.7
14,8,11,6.6,14,3,6,51.2
14,8,11,7.6,14,3,7,3.7
14,8,11,5.7,14,3,9,17.0
14,8,11,4.6,14,3,10,22.0
14,8,11,13.5,14,4,5,15.8
14,8,11,13.6,14,4,6,17.3
14,8,11,11.9,14,4,7,18.4
14,8,11,11.9,14,4,9,31.0
14,8,11,7.2,14,4,10,16.6
14,8,11,22.8,14,5,6,14.8
14,8,11,12.7,14,5,7,11.6
14,8,11,7.9,14,5,9,8.0
14,8,11,22.4,14,5,10,6.4
14,8,11,10.0,14,6,7,3.4
14,8,11,7.6,14,6,9,17.7
14,8,11,7.7,14,6,10,17.0
14,8,11,4.1,14,7,9,20.9
14,8,11,10.1,14,7,10,4.7
14,8,11,5.2,14,9,10,7.5
14,9,10,33.5,14,0,1,17.0
14,9,10,22.7,14,0,2,23.8
14,9,10,18.4,14,0,3,17.8
14,9,10,47.9,14,0,4,30.3
14,9,10,18.0,14,0,5,8.4
14,9,10,3.9,14,0,6,15.9
14,9,10,4.3,14,0,7,2.5
14,9,10,20.2,14,0,8,22.4
14,9,10,19.8,14,0,11,15.3
14,9,10,34.8,14,1,2,18.4
14,9,10,17.3,14,1,3,4.3
14,9,10,31.0,14,1,4,18.8
14,9,10,42.2,14,1,5,8.1
14,9,10,16.6,14,1,6,19.5
14,9,10,21.6,14,1,7,3.6
14,9,10,13.0,14,1,8,4.0
14,9,10,50.8,14,1,11,7.0
14,9,10,40.7,14,2,3,8.9
14,9,10,12.6,14,2,4,7.7
14,9,10,19.5,14,2,5,31.7
14,9,10,24.5,14,2,6,31.7
14,9,10,28.1,14,2,7,17.3
14,9,10,29.9,14,2,8,18.8
14,9,10,23.8,14,2,11,12.4
14,9,10,18.8,14,3,4,21.3
14,9,10,5.1,14,3,5,11.6
14,9,10,9.3,14,3,6,34.2
14,9,10,4.8,14,3,7,14.8
14,9,10,20.9,14,3,8,19.1
14,9,10,17.0,14,3,11,5.2
14,9,10,16.2,14,4,5,4.8
14,9,10,7.0,14,4,6,19.8
14,9,10,17.3,14,4,7,19.5
14,9,10,14.8,14,4,8,20.6
14,9,10,5.1,14,4,11,11.2
14,9,10,4.7,14,5,6,25.6
14,9,10,10.3,14,5,7,8.2
14,9,10,11.3,14,5,8,20.9
14,9,10,5.1,14,5,11,5.4
14,9,10,25.6,14,6,7,15.8
14,9,10,21.3,14,6,8,33.5
14,9,10,7.5,14,6,11,8.1
14,9,10,38.6,14,7,8,7.5
14,9,10,33.9,14,7,11,25.8
14,9,10,14.8,14,8,11,4.0
14,9,11,8.1,14,0,1,4.1
14,9,11,5.8,14,0,2,73.8
14,9,11,3.6,14,0,3,15.6
14,9,11,11.0,14,0,4,7.9
14,9,11,14.9,14,0,5,10.3
14,9,11,9.4,14,0,6,3.5
14,9,11,3.5,14,0,7,24.5
14,9,11,30.6,14,0,8,4.7
14,9,11,7.6,14,0,10,21.3
14,9,11,7.3,14,1,2,16.2
14,9,11,20.3,14,1,3,7.7
14,9,11,11.6,14,1,4,18.8
14,9,11,18.9,14,1,5,8.1
14,9,11,10.2,14,1,6,56.9
14,9,11,10.1,14,1,7,6.1
14,9,11,15.1,14,1,8,19.5
14,9,11,23.0,14,1,10,24.6
14,9,11,4.1,14,2,3,7.5
14,9,11,5.8,14,2,4,4.0
14,9,11,12.9,14,2,5,17.1
14,9,11,8.3,14,2,6,36.4
14,9,11,4.0,14,2,7,14.8
14,9,11,3.9,14,2,8,4.4
14,9,11,8.4,14,2,10,29.9
14,9,11,7.3,14,3,4,14.4
14,9,11,8.7,14,3,5,4.7
14,9,11,3.8,14,3,6,20.6
14,9,11,12.7,14,3,7,15.5
14,9,11,14.8,14,3,8,20.2
14,9,11,6.7,14,3,10,17.3
14,9,11,4.8,14,4,5,5.7
14,9,11,9.0,14,4,6,59.1
14,9,11,12.0,14,4,7,17.3
14,9,11,6.7,14,4,8,18.8
14,9,11,4.3,14,4,10,13.0
14,9,11,8.3,14,5,6,9.4
14,9,11,6.9,14,5,7,19.1
14,9,11,24.9,14,5,8,14.3
14,9,11,5.2,14,5,10,16.2
14,9,11,12.2,14,6,7,22.4
14,9,11,15.6,14,6,8,23.8
14,9,11,25.1,14,6,10,26.9
14,9,11,6.3,14,7,8,32.8
14,9,11,4.3,14,7,10,34.2
14,9,11,6.5,14,8,10,8.3
14,10,11,9.2,14,0,1,6.8
14,10,11,4.5,14,0,2,7.6
14,10,11,16.7,14,0,3,19.7
14,10,11,12.1,14,0,4,13.3
14,10,11,27.9,14,0,5,9.9
14,10,11,42.5,14,0,6,15.5
14,10,11,6.8,14,0,7,17.7
14,10,11,9.8,14,0,8,19.8
14,10,11,8.0,14,0,9,47.2
14,10,11,12.1,14,1,2,36.0
14,10,11,8.0,14,1,3,5.5
14,10,11,32.2,14,1,4,20.3
14,10,11,10.1,14,1,5,11.9
14,10,11,8.1,14,1,6,22.7
14,10,11,9.7,14,1,7,3.5
14,10,11,15.5,14,1,8,3.5
14,10,11,8.1,14,1,9,18.8
14,10,11,14.1,14,2,3,20.2
14,10,11,8.8,14,2,4,4.4
14,10,11,16.0,14,2,5,15.0
14,10,11,30.5,14,2,6,33.9
14,10,11,6.4,14,2,7,22.4
14,10,11,9.8,14,2,8,15.9
14,10,11,28.2,14,2,9,20.9
14,10,11,4.4,14,3,4,7.0
14,10,11,8.9,14,3,5,10.0
14,10,11,22.2,14,3,6,9.9
14,10,11,3.3,14,3,7,6.2
14,10,11,8.5,14,3,8,14.1
14,10,11,6.3,14,3,9,17.7
14,10,11,6.5,14,4,5,7.4
14,10,11,3.7,14,4,6,17.0
14,10,11,9.7,14,4,7,18.0
14,10,11,6.4,14,4,8,8.2
14,10,11,5.5,14,4,9,19.5
14,10,11,10.6,14,5,6,13.7
14,10,11,13.5,14,5,7,47.6
14,10,11,11.7,14,5,8,19.1
14,10,11,7.0,14,5,9,17.3
14,10,11,4.6,14,6,7,53.0
14,10,11,7.3,14,6,8,34.6
14,10,11,8.6,14,6,9,18.0
14,10,11,8.3,14,7,8,57.3
14,10,11,21.2,14,7,9,15.5
14,10,11,5.5,14,8,9,3.5
