test_id,seed_thread,worker_thread,latency_b4,pfd_avg,pfd_min,pfd_max,pfd_std,pfd_absdev
13,1,1,1379.4,24.0,24.0,36.0,0.1,0.0
13,2,1,98484.4,73.5,0.0,162.0,49.3,49.2
13,3,1,99143.0,83.0,0.0,189.0,58.9,58.7
13,4,1,99041.4,73.7,0.0,159.0,49.4,49.3
13,5,1,99258.9,85.0,24.0,213.0,60.7,60.5
13,6,1,99109.4,78.3,24.0,213.0,53.9,53.7
13,7,1,99361.8,84.1,24.0,186.0,59.9,59.7
13,8,1,103004.4,164.7,24.0,339.0,140.7,140.7
13,9,1,102844.3,169.5,0.0,558.0,145.5,145.4
13,10,1,102066.5,160.7,24.0,1206.0,137.0,136.7
13,11,1,102870.1,162.4,0.0,339.0,138.3,138.2
13,12,1,102672.7,170.4,24.0,357.0,146.4,146.3
13,13,1,102193.3,161.4,24.0,696.0,137.5,137.4
13,14,1,102576.7,154.3,0.0,717.0,130.4,130.3
13,15,1,103037.8,168.7,24.0,1206.0,145.1,144.5
13,16,1,99068.7,71.7,24.0,165.0,47.7,47.6
13,1,2,99816.8,72.8,24.0,150.0,48.6,48.5
13,2,2,1371.9,24.0,24.0,33.0,0.1,0.0
13,3,2,98851.3,78.5,24.0,171.0,54.3,54.2
13,4,2,98739.1,67.4,24.0,150.0,42.7,42.7
13,5,2,99074.3,79.4,24.0,171.0,55.1,54.9
13,6,2,99082.0,71.4,24.0,165.0,47.2,47.0
13,7,2,98569.7,73.6,0.0,150.0,49.3,49.2
13,8,2,102207.2,155.1,24.0,318.0,131.0,131.0
13,9,2,102587.1,163.1,18.0,345.0,139.0,139.0
13,10,2,102579.9,158.5,24.0,1158.0,134.5,134.2
13,11,2,103119.9,161.1,24.0,339.0,137.1,137.0
13,12,2,102591.5,162.6,24.0,372.0,138.4,138.4
13,13,2,102893.4,167.3,24.0,564.0,143.3,143.2
13,14,2,103099.5,156.8,24.0,690.0,132.8,132.6
13,15,2,102792.7,160.2,0.0,555.0,136.2,136.1
13,16,2,98936.4,77.6,24.0,156.0,53.5,53.5
13,1,3,108494.3,75.2,21.0,165.0,51.1,50.9
13,2,3,98985.7,79.0,24.0,180.0,54.8,54.7
13,3,3,1372.8,24.0,24.0,33.0,0.1,0.0
13,4,3,99078.1,79.1,24.0,300.0,54.8,54.7
13,5,3,98990.1,71.6,24.0,171.0,47.4,47.2
13,6,3,98467.2,69.2,24.0,153.0,44.9,44.9
13,7,3,99119.2,71.7,24.0,156.0,47.5,47.3
13,8,3,102609.5,166.7,24.0,1212.0,143.2,142.6
13,9,3,102463.3,171.5,0.0,1155.0,147.8,147.5
13,10,3,102217.6,166.6,24.0,1197.0,142.9,142.5
13,11,3,102560.7,167.1,0.0,351.0,143.1,143.0
13,12,3,102348.9,165.0,0.0,354.0,141.1,141.0
13,13,3,102052.2,156.2,24.0,1149.0,132.4,132.1
13,14,3,102051.5,161.5,24.0,345.0,137.5,137.4
13,15,3,102194.0,156.9,24.0,1182.0,133.7,132.8
13,16,3,98624.6,72.5,0.0,156.0,48.5,48.5
13,1,4,107669.1,72.0,24.0,150.0,47.8,47.6
13,2,4,99550.7,87.6,0.0,207.0,58.8,58.6
13,3,4,99128.5,77.6,0.0,366.0,48.6,47.5
13,4,4,1381.1,24.0,24.0,33.0,0.1,0.0
13,5,4,98905.7,78.3,18.0,168.0,53.8,53.7
13,6,4,99065.2,72.5,0.0,165.0,45.1,44.7
13,7,4,99000.1,74.1,0.0,189.0,50.2,50.0
13,8,4,102294.8,176.3,24.0,570.0,152.3,152.2
13,9,4,102289.6,172.2,24.0,1140.0,148.3,148.0
13,10,4,102341.8,159.7,24.0,342.0,135.7,135.6
13,11,4,102502.9,163.3,24.0,1146.0,136.5,135.6
13,12,4,103268.3,158.3,24.0,339.0,134.3,134.3
13,13,4,102391.4,167.8,24.0,1233.0,144.4,143.8
13,14,4,102091.5,168.6,24.0,333.0,144.4,144.4
13,15,4,102867.7,166.6,24.0,351.0,141.5,141.4
13,16,4,98878.1,85.4,24.0,207.0,61.5,61.2
13,1,5,107758.4,66.7,24.0,150.0,42.5,42.4
13,2,5,99292.1,79.0,24.0,177.0,54.7,54.6
13,3,5,99554.2,71.8,0.0,162.0,47.7,47.5
13,4,5,98988.0,78.5,24.0,303.0,54.3,54.1
13,5,5,1386.6,24.0,24.0,33.0,0.1,0.0
13,6,5,98683.1,73.5,0.0,153.0,49.3,49.2
13,7,5,99126.4,71.1,24.0,162.0,46.9,46.8
13,8,5,102287.7,159.1,24.0,1251.0,135.4,135.0
13,9,5,102623.3,155.9,24.0,1260.0,132.7,131.8
13,10,5,102831.5,159.2,18.0,354.0,135.2,135.1
13,11,5,102072.4,154.8,24.0,1200.0,131.4,130.8
13,12,5,102884.4,172.9,0.0,435.0,148.8,148.8
13,13,5,102112.5,153.1,24.0,318.0,129.1,129.0
13,14,5,102965.7,161.2,24.0,1209.0,137.9,137.2
13,15,5,102950.4,162.4,24.0,555.0,134.6,134.3
13,16,5,99919.6,78.1,21.0,186.0,54.1,54.0
13,1,6,109220.4,81.2,24.0,180.0,56.7,56.6
13,2,6,99125.1,85.0,24.0,177.0,60.6,60.5
13,3,6,98943.6,78.5,0.0,174.0,54.3,54.1
13,4,6,99285.8,85.1,24.0,174.0,60.8,60.7
13,5,6,99288.0,78.1,0.0,183.0,53.8,53.6
13,6,6,1379.6,24.0,24.0,42.0,0.2,0.0
13,7,6,98557.3,72.4,24.0,156.0,48.2,48.1
13,8,6,102158.5,168.3,24.0,369.0,144.4,144.3
13,9,6,101912.6,158.5,24.0,558.0,134.5,134.4
13,10,6,102490.4,168.0,0.0,1248.0,144.2,143.8
13,11,6,102354.4,161.0,24.0,336.0,137.0,136.9
13,12,6,102482.6,174.7,24.0,1284.0,150.7,150.4
13,13,6,102836.3,166.5,24.0,1143.0,142.7,142.4
13,14,6,102549.6,157.1,0.0,330.0,133.1,133.0
13,15,6,102737.8,162.1,24.0,348.0,138.0,137.9
13,16,6,99372.7,82.2,24.0,171.0,58.1,57.8
13,1,7,109045.7,73.8,24.0,168.0,49.4,49.3
13,2,7,99748.7,78.6,24.0,180.0,54.2,54.1
13,3,7,99067.4,72.7,0.0,171.0,48.5,48.4
13,4,7,99623.0,78.3,24.0,165.0,54.0,53.9
13,5,7,98887.8,72.4,24.0,165.0,48.3,47.9
13,6,7,98670.5,72.8,24.0,210.0,48.4,48.3
13,7,7,1377.3,24.0,24.0,33.0,0.1,0.0
13,8,7,102406.7,164.4,0.0,1266.0,140.7,140.3
13,9,7,102066.8,165.6,24.0,561.0,141.5,141.5
13,10,7,102489.8,166.2,24.0,1197.0,142.5,142.1
13,11,7,102745.6,162.7,24.0,702.0,138.7,138.6
13,12,7,102720.3,172.2,24.0,1209.0,146.3,145.8
13,13,7,102256.5,158.0,24.0,555.0,134.0,133.9
13,14,7,102344.0,163.0,18.0,360.0,138.6,138.5
13,15,7,102658.3,160.0,24.0,406.0,133.3,133.1
13,16,7,100269.9,76.7,21.0,162.0,52.4,52.3
13,1,8,112827.5,166.0,24.0,1239.0,142.5,141.8
13,2,8,102782.1,174.4,24.0,354.0,150.3,150.3
13,3,8,101649.3,158.5,24.0,330.0,134.5,134.4
13,4,8,102812.2,166.1,24.0,1266.0,142.8,142.0
13,5,8,102260.9,160.6,24.0,1194.0,137.3,136.6
13,6,8,102883.7,173.8,0.0,1257.0,149.9,149.5
13,7,8,103186.0,168.6,0.0,1113.0,144.8,144.5
13,8,8,1383.0,24.0,24.0,33.0,0.1,0.0
13,9,8,99294.7,78.5,0.0,165.0,54.5,54.4
13,10,8,98394.4,65.5,0.0,132.0,41.6,41.5
13,11,8,98310.6,72.1,24.0,147.0,48.2,48.1
13,12,8,98835.4,65.9,24.0,135.0,41.9,41.9
13,13,8,98842.7,79.2,0.0,171.0,55.2,55.1
13,14,8,98940.3,84.0,0.0,180.0,59.9,59.8
13,15,8,98945.9,73.7,21.0,165.0,49.8,49.5
13,16,8,102504.9,150.4,24.0,540.0,125.0,124.9
13,1,9,112427.8,159.0,24.0,1251.0,135.9,135.0
13,2,9,102940.4,167.4,24.0,1260.0,143.9,143.2
13,3,9,102311.6,162.6,24.0,570.0,138.5,138.4
13,4,9,102385.5,162.4,24.0,339.0,138.4,138.3
13,5,9,103179.8,168.3,24.0,348.0,144.3,144.2
13,6,9,102775.9,164.8,24.0,1278.0,141.2,140.7
13,7,9,102302.4,164.9,24.0,339.0,140.9,140.8
13,8,9,99363.1,78.6,24.0,177.0,54.6,54.5
13,9,9,1382.8,24.0,24.0,33.0,0.1,0.0
13,10,9,98906.7,78.3,21.0,168.0,54.3,54.2
13,11,9,98791.5,71.0,24.0,156.0,47.1,46.9
13,12,9,98320.0,73.7,24.0,261.0,49.8,49.7
13,13,9,98965.5,65.6,0.0,141.0,41.6,41.5
13,14,9,99184.7,78.3,24.0,177.0,54.3,54.1
13,15,9,98422.3,67.0,24.0,141.0,43.0,43.0
13,16,9,102661.6,160.0,21.0,1158.0,136.5,135.9
13,1,10,113020.4,170.4,0.0,582.0,146.4,146.3
13,2,10,102715.0,173.1,24.0,1236.0,149.4,149.0
13,3,10,102491.4,163.6,24.0,360.0,139.5,139.5
13,4,10,102138.1,150.9,24.0,1062.0,127.2,126.9
13,5,10,102458.2,167.0,24.0,1167.0,143.2,142.9
13,6,10,102644.4,168.8,24.0,348.0,144.7,144.7
13,7,10,102074.4,161.5,24.0,1206.0,137.7,137.4
13,8,10,98815.1,76.1,24.0,162.0,52.3,52.1
13,9,10,99281.3,78.3,24.0,168.0,54.3,54.2
13,10,10,1382.3,24.0,21.0,33.0,0.1,0.0
13,11,10,98733.2,78.3,24.0,165.0,54.3,54.2
13,12,10,98836.1,73.0,0.0,174.0,49.0,48.8
13,13,10,98773.0,78.8,24.0,165.0,54.8,54.7
13,14,10,99060.8,81.6,24.0,171.0,57.5,57.3
13,15,10,98859.6,78.3,0.0,171.0,54.5,54.3
13,16,10,102531.8,159.7,24.0,1167.0,135.6,135.3
13,1,11,112844.4,164.1,0.0,351.0,140.1,140.1
13,2,11,102443.0,165.8,24.0,570.0,141.0,140.8
13,3,11,102156.7,160.1,0.0,564.0,136.1,136.0
13,4,11,102951.5,169.1,21.0,354.0,145.0,145.0
13,5,11,102488.7,173.5,18.0,351.0,149.4,149.3
13,6,11,102566.3,167.2,24.0,576.0,143.2,143.1
13,7,11,103033.0,171.0,24.0,1278.0,147.2,146.8
13,8,11,98826.1,77.7,24.0,171.0,53.7,53.6
13,9,11,99373.2,73.2,24.0,162.0,49.3,49.1
13,10,11,98276.4,72.2,24.0,150.0,48.3,48.2
13,11,11,1384.7,24.0,24.0,33.0,0.1,0.0
13,12,11,98285.6,73.3,24.0,150.0,49.4,49.3
13,13,11,98888.9,73.6,24.0,156.0,49.8,49.6
13,14,11,98364.1,70.2,24.0,162.0,46.2,46.1
13,15,11,99070.9,84.3,24.0,309.0,60.3,60.2
13,16,11,102315.9,161.0,21.0,336.0,137.0,136.9
13,1,12,113107.5,169.2,24.0,363.0,145.1,145.1
13,2,12,102218.9,156.5,24.0,327.0,132.5,132.5
13,3,12,102012.6,158.2,24.0,1098.0,134.3,134.0
13,4,12,103172.3,162.1,24.0,348.0,138.2,138.1
13,5,12,102481.4,164.6,24.0,582.0,140.6,140.5
13,6,12,102284.4,162.3,24.0,729.0,138.3,138.1
13,7,12,102750.0,161.0,24.0,1065.0,137.2,136.8
13,8,12,98301.1,77.3,24.0,168.0,53.3,53.2
13,9,12,99321.7,77.6,24.0,162.0,53.7,53.5
13,10,12,99176.7,84.2,24.0,171.0,60.2,60.1
13,11,12,98464.1,72.9,24.0,162.0,48.9,48.9
13,12,12,1380.1,24.0,24.0,33.0,0.1,0.0
13,13,12,98799.6,78.6,24.0,180.0,54.7,54.5
13,14,12,98810.0,83.3,24.0,174.0,59.3,59.1
13,15,12,98898.0,78.9,24.0,180.0,54.9,54.8
13,16,12,102855.2,162.4,24.0,708.0,137.0,136.7
13,1,13,113832.2,154.2,24.0,1260.0,130.8,130.1
13,2,13,102487.6,167.3,24.0,375.0,143.4,143.2
13,3,13,102640.1,165.3,24.0,714.0,141.3,141.1
13,4,13,102695.0,159.7,24.0,339.0,135.7,135.7
13,5,13,103368.5,170.4,24.0,1263.0,146.8,146.4
13,6,13,102630.8,167.6,24.0,744.0,143.7,143.4
13,7,13,103109.4,164.8,24.0,342.0,140.7,140.7
13,8,13,99440.8,78.2,24.0,168.0,54.3,54.2
13,9,13,99581.4,83.3,24.0,177.0,59.4,59.2
13,10,13,99018.5,78.3,24.0,177.0,54.3,54.2
13,11,13,98551.1,78.5,24.0,156.0,54.4,54.4
13,12,13,99610.1,77.5,24.0,192.0,53.5,53.2
13,13,13,1382.7,24.0,24.0,33.0,0.1,0.0
13,14,13,98902.1,79.1,24.0,189.0,55.1,55.0
13,15,13,98910.7,73.2,24.0,159.0,49.2,49.1
13,16,13,102556.8,159.1,0.0,1122.0,135.4,135.1
13,1,14,114826.4,161.7,24.0,345.0,137.7,137.6
13,2,14,102238.2,154.6,0.0,720.0,130.8,130.7
13,3,14,102691.5,168.5,24.0,576.0,144.5,144.4
13,4,14,102679.3,168.9,24.0,570.0,144.7,144.7
13,5,14,102473.6,164.3,24.0,576.0,140.1,140.1
13,6,14,102585.6,156.1,24.0,1110.0,132.3,132.0
13,7,14,102709.5,159.9,24.0,339.0,135.9,135.9
13,8,14,98711.9,78.1,24.0,165.0,54.1,54.0
13,9,14,98893.8,73.7,24.0,159.0,49.8,49.6
13,10,14,99393.2,84.4,24.0,183.0,60.4,60.3
13,11,14,98821.4,74.0,0.0,159.0,50.1,50.0
13,12,14,98901.6,85.1,25.0,208.0,60.2,60.0
13,13,14,99146.9,79.1,0.0,183.0,55.1,55.0
13,14,14,1379.4,24.0,24.0,36.0,0.1,0.0
13,15,14,98305.5,73.0,24.0,159.0,49.0,48.9
13,16,14,103059.6,174.4,24.0,1290.0,150.3,149.8
13,1,15,117602.3,173.2,0.0,738.0,149.3,149.2
13,2,15,102767.7,164.9,24.0,654.0,141.0,140.9
13,3,15,102218.8,164.9,0.0,1152.0,141.2,140.8
13,4,15,102315.1,162.4,24.0,1185.0,138.9,138.4
13,5,15,102627.0,170.1,24.0,357.0,145.8,145.8
13,6,15,102424.9,151.4,24.0,1149.0,127.8,127.3
13,7,15,102805.3,172.4,0.0,585.0,148.3,148.2
13,8,15,98782.6,78.2,24.0,183.0,54.3,54.2
13,9,15,99416.6,72.7,0.0,159.0,48.8,48.7
13,10,15,98883.6,66.3,24.0,144.0,42.4,42.3
13,11,15,98805.0,66.7,0.0,144.0,42.6,42.5
13,12,15,99429.7,76.4,24.0,162.0,52.4,52.2
13,13,15,98754.2,74.8,24.0,156.0,50.7,50.7
13,14,15,98861.3,78.2,24.0,171.0,54.2,54.1
13,15,15,1369.4,24.0,24.0,33.0,0.2,0.0
13,16,15,102751.8,162.0,24.0,558.0,138.0,137.9
13,1,16,120977.8,72.6,0.0,150.0,48.3,48.2
13,2,16,99065.9,72.8,21.0,273.0,49.0,48.7
13,3,16,98340.9,72.5,0.0,159.0,48.6,48.5
13,4,16,98865.6,74.7,21.0,162.0,50.8,50.5
13,5,16,98528.2,75.1,21.0,213.0,51.0,50.7
13,6,16,98990.6,74.0,0.0,171.0,49.9,49.7
13,7,16,98546.1,73.1,24.0,147.0,49.0,49.0
13,8,16,102277.9,161.4,24.0,1239.0,138.0,137.4
13,9,16,102425.3,168.1,18.0,363.0,144.2,144.1
13,10,16,102438.0,161.1,24.0,333.0,137.1,137.0
13,11,16,102584.7,164.7,24.0,342.0,140.7,140.6
13,12,16,102552.5,156.3,0.0,1170.0,132.6,132.2
13,13,16,102093.0,161.9,21.0,342.0,138.0,137.9
13,14,16,102147.9,168.4,24.0,369.0,144.4,144.4
13,15,16,103279.5,167.7,24.0,1161.0,143.8,143.5
13,16,16,1386.2,24.0,24.0,33.0,0.1,0.0
14,1,1,1389.0,24.0,24.0,33.0,0.1,0.0
14,2,1,98578.5,72.6,24.0,156.0,48.5,48.4
14,3,1,99239.4,79.4,24.0,177.0,55.2,55.1
14,4,1,99200.1,78.1,21.0,621.0,54.2,53.8
14,5,1,99295.2,73.7,24.0,168.0,49.5,49.4
14,6,1,99145.2,77.1,24.0,183.0,52.9,52.6
14,7,1,100258.2,83.9,0.0,171.0,59.6,59.5
14,8,1,102710.5,167.4,24.0,552.0,143.5,143.4
14,9,1,103341.4,165.3,24.0,1230.0,142.0,141.2
14,10,1,103317.4,169.2,24.0,360.0,145.1,145.0
14,11,1,102627.0,164.8,24.0,372.0,140.8,140.8
14,12,1,104477.4,176.0,24.0,1275.0,150.4,149.4
14,13,1,103389.4,155.1,24.0,1239.0,131.1,130.6
14,14,1,102153.0,163.1,24.0,1128.0,138.9,138.6
14,15,1,102977.6,163.9,24.0,1272.0,140.1,139.7
14,16,1,98909.2,74.3,25.0,181.0,50.0,49.0
14,1,2,117605.8,77.6,0.0,174.0,53.4,53.2
14,2,2,1392.3,24.0,24.0,54.0,0.3,0.0
14,3,2,99090.5,78.6,24.0,180.0,54.4,54.2
14,4,2,98637.1,79.4,24.0,153.0,55.1,55.1
14,5,2,99055.1,77.8,0.0,168.0,53.6,53.5
14,6,2,98721.2,66.1,24.0,138.0,41.8,41.7
14,7,2,98483.9,73.0,0.0,231.0,48.8,48.7
14,8,2,102531.7,160.4,24.0,336.0,136.5,136.4
14,9,2,102928.9,171.5,24.0,363.0,147.5,147.4
14,10,2,102594.9,169.5,0.0,1270.0,145.1,144.5
14,11,2,102887.4,161.8,24.0,330.0,137.9,137.8
14,12,2,102334.9,153.5,24.0,324.0,129.5,129.4
14,13,2,102284.3,166.9,24.0,1242.0,143.2,142.8
14,14,2,102796.7,166.0,24.0,348.0,142.0,141.9
14,15,2,103004.5,170.3,24.0,1250.0,144.7,143.8
14,16,2,100197.7,80.4,24.0,174.0,56.4,56.2
14,1,3,109167.4,71.2,24.0,162.0,46.9,46.8
14,2,3,99178.8,78.3,24.0,228.0,54.1,53.9
14,3,3,1390.7,24.0,24.0,33.0,0.1,0.0
14,4,3,98933.2,79.3,0.0,171.0,55.0,54.8
14,5,3,98998.5,71.9,0.0,168.0,47.7,47.5
14,6,3,98660.1,73.5,24.0,162.0,49.2,49.2
14,7,3,98973.0,77.9,24.0,165.0,53.6,53.6
14,8,3,102390.9,162.9,24.0,1239.0,139.2,138.8
14,9,3,102410.0,167.5,0.0,351.0,143.6,143.6
14,10,3,102422.4,166.5,24.0,363.0,142.5,142.4
14,11,3,102745.5,161.7,24.0,1197.0,137.9,137.5
14,12,3,102584.6,158.2,24.0,348.0,134.2,134.1
14,13,3,102865.4,161.1,24.0,342.0,137.1,137.0
14,14,3,102593.4,161.7,24.0,336.0,137.6,137.6
14,15,3,102190.3,166.4,24.0,1230.0,142.7,142.4
14,16,3,98570.2,71.3,0.0,162.0,47.5,47.3
14,1,4,108528.0,79.6,24.0,174.0,55.5,55.3
14,2,4,99301.9,74.2,24.0,171.0,46.0,45.7
14,3,4,99143.6,79.3,21.0,177.0,54.5,54.2
14,4,4,1387.7,24.0,24.0,33.0,0.1,0.0
14,5,4,98583.6,75.5,24.0,162.0,48.0,47.7
14,6,4,98842.9,68.5,24.0,141.0,39.3,39.0
14,7,4,99199.5,79.4,0.0,177.0,54.3,54.1
14,8,4,102750.5,160.4,24.0,1101.0,136.7,136.2
14,9,4,102580.9,166.3,24.0,558.0,142.2,142.1
14,10,4,103181.6,171.3,24.0,1122.0,147.5,147.2
14,11,4,102454.9,168.1,24.0,1143.0,144.3,144.1
14,12,4,102360.1,156.5,24.0,1170.0,131.3,130.7
14,13,4,103524.3,164.3,24.0,573.0,140.4,140.3
14,14,4,102688.2,158.9,0.0,531.0,135.0,134.9
14,15,4,102446.0,163.2,18.0,357.0,136.5,136.4
14,16,4,98291.9,67.0,24.0,156.0,43.0,42.9
14,1,5,108451.6,73.4,0.0,159.0,49.3,49.1
14,2,5,98694.2,73.0,0.0,153.0,48.7,48.6
14,3,5,98962.9,73.0,24.0,159.0,48.8,48.6
14,4,5,98575.3,73.1,24.0,162.0,48.7,48.6
14,5,5,1394.4,24.0,24.0,33.0,0.1,0.0
14,6,5,99150.5,78.6,24.0,177.0,54.3,54.2
14,7,5,98949.4,78.0,24.0,156.0,53.6,53.5
14,8,5,102697.7,167.4,24.0,1284.0,144.0,143.3
14,9,5,102502.0,172.0,24.0,732.0,147.9,147.8
14,10,5,102691.4,167.8,24.0,1227.0,144.3,143.7
14,11,5,102881.4,162.1,0.0,546.0,138.1,138.0
14,12,5,102815.2,166.8,0.0,543.0,142.9,142.9
14,13,5,102666.9,165.3,0.0,348.0,141.4,141.3
14,14,5,102890.1,167.9,24.0,711.0,144.0,143.8
14,15,5,102716.1,164.3,24.0,1191.0,140.6,140.2
14,16,5,98845.3,70.5,24.0,159.0,46.5,46.3
14,1,6,108883.4,78.4,24.0,180.0,54.3,54.1
14,2,6,99509.6,73.0,0.0,165.0,48.8,48.6
14,3,6,99047.2,77.7,24.0,162.0,53.5,53.4
14,4,6,98403.8,76.3,24.0,153.0,52.0,52.0
14,5,6,98566.7,72.1,24.0,150.0,47.8,47.7
14,6,6,1382.1,24.0,24.0,33.0,0.1,0.0
14,7,6,98529.3,72.4,18.0,159.0,48.2,48.1
14,8,6,102745.7,170.9,24.0,1050.0,147.1,146.9
14,9,6,102519.9,162.1,24.0,1167.0,138.9,138.0
14,10,6,102720.7,173.7,24.0,576.0,149.6,149.6
14,11,6,102406.0,165.9,24.0,714.0,141.9,141.8
14,12,6,102310.8,158.3,0.0,321.0,134.4,134.3
14,13,6,102348.7,165.5,0.0,354.0,141.5,141.4
14,14,6,102138.5,166.6,0.0,600.0,142.3,142.2
14,15,6,102597.1,163.3,24.0,345.0,139.2,139.2
14,16,6,99215.4,76.2,24.0,156.0,52.3,52.2
14,1,7,108916.6,82.2,24.0,189.0,58.0,57.8
14,2,7,99219.7,79.9,0.0,183.0,55.6,55.5
14,3,7,99126.0,84.2,24.0,180.0,60.1,60.0
14,4,7,98503.5,72.8,24.0,159.0,48.6,48.6
14,5,7,98442.5,64.4,24.0,135.0,40.2,40.1
14,6,7,98922.8,77.4,24.0,360.0,53.4,53.1
14,7,7,1390.0,24.0,24.0,36.0,0.1,0.0
14,8,7,102488.2,162.2,24.0,333.0,138.1,138.1
14,9,7,102452.3,172.3,24.0,354.0,148.2,148.2
14,10,7,102773.8,161.1,24.0,336.0,137.1,137.1
14,11,7,102515.0,165.7,24.0,330.0,141.7,141.6
14,12,7,102797.5,166.8,24.0,363.0,142.7,142.6
14,13,7,102797.6,164.9,24.0,1152.0,141.2,140.9
14,14,7,103257.9,169.7,0.0,729.0,145.6,145.5
14,15,7,103098.1,164.7,0.0,351.0,140.5,140.4
14,16,7,99263.4,76.8,24.0,174.0,52.9,52.7
14,1,8,113173.8,164.5,24.0,342.0,140.5,140.5
14,2,8,102442.2,158.5,24.0,1026.0,134.7,134.5
14,3,8,102802.2,167.5,24.0,978.0,143.7,143.5
14,4,8,102901.3,174.4,0.0,354.0,150.4,150.4
14,5,8,102918.6,165.7,24.0,1251.0,142.1,141.7
14,6,8,102218.1,154.8,24.0,1209.0,131.5,130.8
14,7,8,103379.5,169.0,24.0,987.0,145.3,145.0
14,8,8,1386.3,24.0,24.0,33.0,0.1,0.0
14,9,8,99548.4,77.7,24.0,162.0,53.8,53.7
14,10,8,99017.6,83.9,0.0,174.0,60.1,59.9
14,11,8,98456.3,71.9,24.0,144.0,48.0,47.9
14,12,8,98401.9,77.6,24.0,159.0,53.6,53.6
14,13,8,99057.8,79.5,24.0,171.0,55.6,55.5
14,14,8,99061.4,73.3,24.0,156.0,49.1,49.1
14,15,8,98972.0,79.6,24.0,180.0,55.7,55.6
14,16,8,102972.6,156.0,24.0,711.0,132.0,131.8
14,1,9,111283.4,152.8,24.0,1134.0,129.4,128.8
14,2,9,102026.8,162.5,24.0,966.0,138.8,138.5
14,3,9,102874.0,165.1,24.0,1263.0,140.1,139.5
14,4,9,103497.3,163.7,24.0,864.0,139.9,139.7
14,5,9,102806.0,155.6,24.0,324.0,131.6,131.6
14,6,9,102442.8,169.8,24.0,1263.0,146.5,145.7
14,7,9,102792.6,171.3,24.0,1227.0,147.7,147.3
14,8,9,98791.6,72.2,24.0,147.0,48.2,48.2
14,9,9,1390.8,24.0,24.0,33.0,0.1,0.0
14,10,9,99302.8,78.5,24.0,165.0,54.6,54.5
14,11,9,98224.6,69.7,0.0,144.0,45.8,45.7
14,12,9,98786.5,79.2,24.0,180.0,55.2,55.1
14,13,9,98471.7,77.7,24.0,153.0,53.7,53.6
14,14,9,98316.7,74.1,24.0,150.0,50.1,50.1
14,15,9,99090.3,83.5,24.0,183.0,59.5,59.4
14,16,9,102278.4,158.6,24.0,1119.0,134.8,134.4
14,1,10,112302.6,166.9,24.0,351.0,142.9,142.8
14,2,10,102177.4,167.4,24.0,339.0,143.4,143.4
14,3,10,102577.3,169.3,24.0,579.0,145.3,145.3
14,4,10,102937.0,163.8,24.0,552.0,139.7,139.7
14,5,10,102428.2,168.7,0.0,570.0,144.8,144.7
14,6,10,102213.3,164.6,0.0,576.0,140.8,140.6
14,7,10,102358.3,169.2,0.0,354.0,145.2,145.1
14,8,10,98760.5,77.1,24.0,237.0,53.2,53.1
14,9,10,98925.6,78.5,24.0,180.0,54.6,54.4
14,10,10,1390.7,24.0,24.0,36.0,0.1,0.0
14,11,10,98690.5,77.8,24.0,162.0,53.8,53.7
14,12,10,98823.5,70.7,24.0,153.0,46.8,46.6
14,13,10,98813.1,79.4,24.0,183.0,55.5,55.3
14,14,10,98259.1,78.1,24.0,402.0,54.2,54.0
14,15,10,98855.3,76.2,24.0,219.0,52.4,52.1
14,16,10,102264.5,166.4,24.0,1137.0,143.0,142.4
14,1,11,111992.3,167.3,24.0,567.0,143.4,143.2
14,2,11,102355.5,167.2,24.0,357.0,143.0,143.0
14,3,11,102329.4,154.3,24.0,585.0,130.3,130.2
14,4,11,102159.1,158.0,0.0,1236.0,134.4,134.0
14,5,11,102162.5,155.7,24.0,1248.0,132.1,131.6
14,6,11,102183.1,165.5,24.0,1101.0,142.2,141.4
14,7,11,102353.5,173.4,25.0,358.0,148.3,148.3
14,8,11,98302.5,72.1,24.0,156.0,48.1,48.1
14,9,11,98913.2,73.5,24.0,171.0,49.4,49.3
14,10,11,99257.2,78.6,24.0,180.0,54.6,54.5
14,11,11,1389.8,24.0,24.0,57.0,0.5,0.0
14,12,11,98383.9,72.3,0.0,156.0,48.2,48.2
14,13,11,98250.4,66.4,25.0,148.0,41.5,41.4
14,14,11,98890.4,78.2,24.0,240.0,54.3,54.1
14,15,11,98927.4,71.7,24.0,162.0,47.8,47.7
14,16,11,102427.7,163.6,24.0,1116.0,139.9,139.5
14,1,12,113395.2,166.2,24.0,398.0,142.3,142.2
14,2,12,102186.9,160.1,24.0,1131.0,136.4,136.1
14,3,12,102281.4,165.8,24.0,579.0,141.5,141.4
14,4,12,102849.5,160.4,24.0,1179.0,136.8,136.4
14,5,12,102640.4,168.3,24.0,573.0,144.4,144.3
14,6,12,102602.8,168.8,24.0,1185.0,145.0,144.7
14,7,12,102415.7,168.9,24.0,570.0,145.0,144.9
14,8,12,98991.7,83.9,24.0,183.0,60.0,59.9
14,9,12,98285.4,73.4,24.0,150.0,49.5,49.4
14,10,12,98269.7,79.3,24.0,230.0,55.2,54.9
14,11,12,98364.4,71.6,24.0,144.0,47.7,47.6
14,12,12,1386.9,24.0,24.0,54.0,0.3,0.0
14,13,12,98773.4,78.2,24.0,177.0,54.2,54.1
14,14,12,99287.5,86.4,0.0,342.0,59.0,58.5
14,15,12,100099.4,79.0,24.0,168.0,55.0,54.8
14,16,12,102557.3,157.6,0.0,1224.0,133.9,133.5
14,1,13,114218.8,159.4,24.0,1206.0,135.9,135.3
14,2,13,102275.9,161.6,24.0,831.0,137.7,137.6
14,3,13,102678.1,162.2,24.0,564.0,138.2,138.1
14,4,13,102934.7,159.8,24.0,714.0,135.9,135.8
14,5,13,102918.5,165.8,24.0,1263.0,142.6,141.8
14,6,13,103130.4,167.8,0.0,351.0,143.8,143.7
14,7,13,102309.5,164.3,24.0,1245.0,140.7,140.3
14,8,13,99415.0,77.7,24.0,165.0,53.7,53.6
14,9,13,98493.8,77.9,0.0,174.0,53.9,53.9
14,10,13,99000.8,79.5,24.0,342.0,55.1,54.6
14,11,13,98396.7,77.8,24.0,165.0,53.9,53.8
14,12,13,98888.8,78.1,24.0,177.0,54.2,54.0
14,13,13,1397.1,24.0,24.0,33.0,0.4,0.1
14,14,13,98917.5,78.3,24.0,177.0,54.4,54.2
14,15,13,98815.5,80.7,0.0,183.0,56.7,56.6
14,16,13,102683.6,155.8,24.0,549.0,131.9,131.8
14,1,14,115536.6,161.4,24.0,1191.0,137.7,137.3
14,2,14,102523.8,171.9,24.0,1290.0,148.5,147.9
14,3,14,102676.0,159.6,24.0,342.0,135.6,135.5
14,4,14,102293.8,166.9,0.0,1122.0,143.2,142.9
14,5,14,103028.3,171.5,0.0,369.0,147.5,147.4
14,6,14,102580.3,177.1,24.0,366.0,153.0,153.0
14,7,14,102685.9,168.6,24.0,357.0,144.5,144.5
14,8,14,99177.6,75.3,24.0,225.0,47.1,46.8
14,9,14,98882.7,77.0,24.0,168.0,53.1,52.9
14,10,14,98797.3,73.5,18.0,165.0,46.8,46.4
14,11,14,99251.7,78.0,0.0,165.0,54.1,53.9
14,12,14,98805.6,65.3,24.0,138.0,41.3,41.3
14,13,14,98838.8,77.9,24.0,177.0,53.9,53.8
14,14,14,1382.2,24.0,24.0,33.0,0.1,0.0
14,15,14,98705.3,71.6,24.0,159.0,47.7,47.5
14,16,14,102385.5,156.1,0.0,330.0,132.2,132.1
14,1,15,118803.3,160.7,24.0,336.0,136.7,136.6
14,2,15,102537.2,166.5,24.0,354.0,142.3,142.2
14,3,15,102676.2,172.6,0.0,366.0,148.5,148.4
14,4,15,102673.8,158.7,18.0,348.0,134.7,134.6
14,5,15,103109.2,169.6,21.0,735.0,145.4,145.3
14,6,15,103082.9,168.7,24.0,1236.0,145.0,144.6
14,7,15,103146.1,172.5,24.0,579.0,148.4,148.3
14,8,15,99316.5,78.3,24.0,267.0,54.0,53.9
14,9,15,98825.4,73.1,24.0,165.0,49.0,48.9
14,10,15,98411.6,73.0,24.0,192.0,49.1,49.0
14,11,15,98395.9,77.7,24.0,165.0,53.7,53.7
14,12,15,98477.8,66.1,24.0,144.0,42.1,42.1
14,13,15,98304.6,65.4,0.0,135.0,41.5,41.3
14,14,15,98428.5,73.0,24.0,159.0,49.0,49.0
14,15,15,1389.7,24.0,24.0,51.0,0.3,0.0
14,16,15,102474.7,160.4,24.0,1266.0,137.0,136.3
14,1,16,124823.2,78.7,24.0,591.0,54.8,54.5
14,2,16,98476.0,69.9,21.0,141.0,46.0,45.8
14,3,16,98933.1,78.7,21.0,483.0,54.9,54.6
14,4,16,98485.2,78.1,24.0,156.0,53.8,53.8
14,5,16,99157.6,79.9,24.0,183.0,55.6,55.5
14,6,16,98916.2,79.4,21.0,171.0,55.6,55.4
14,7,16,98907.6,75.7,21.0,174.0,51.7,51.5
14,8,16,102677.7,170.7,24.0,360.0,146.7,146.6
14,9,16,102384.4,171.2,0.0,1236.0,147.6,147.3
14,10,16,102353.5,160.5,0.0,552.0,136.4,136.4
14,11,16,102840.1,171.5,21.0,486.0,147.7,147.4
14,12,16,102214.7,161.3,24.0,1221.0,137.6,137.2
14,13,16,102079.2,164.8,24.0,1143.0,141.3,140.7
14,14,16,102325.7,160.5,21.0,345.0,136.5,136.4
14,15,16,102769.6,157.6,24.0,357.0,133.7,133.6
14,16,16,1394.2,24.0,24.0,33.0,0.4,0.1
15,1,1,1386.7,24.0,24.0,33.0,0.4,0.1
15,2,1,98758.2,78.4,24.0,285.0,54.2,54.0
15,3,1,98755.3,79.4,25.0,154.0,54.1,54.0
15,4,1,98932.1,80.3,24.0,177.0,55.8,55.7
15,5,1,100087.9,71.8,24.0,162.0,47.5,47.4
15,6,1,99623.9,79.1,0.0,195.0,54.9,54.8
15,7,1,99692.5,78.0,24.0,162.0,53.6,53.5
15,8,1,102512.0,168.2,24.0,1251.0,144.4,144.0
15,9,1,102093.2,165.1,24.0,819.0,141.1,141.0
15,10,1,102471.1,166.0,18.0,882.0,141.9,141.7
15,11,1,102125.2,153.0,24.0,315.0,129.0,129.0
15,12,1,102201.7,163.4,24.0,699.0,139.4,139.3
15,13,1,102436.4,172.0,24.0,351.0,147.7,147.7
15,14,1,102129.7,163.6,24.0,399.0,138.9,138.9
15,15,1,103121.0,171.3,24.0,393.0,147.2,147.1
15,16,1,100820.9,72.5,18.0,210.0,47.3,47.1
15,1,2,109102.0,77.5,24.0,354.0,53.5,53.2
15,2,2,1386.5,24.0,24.0,33.0,0.1,0.0
15,3,2,98864.3,73.0,0.0,150.0,48.7,48.7
15,4,2,99267.9,71.2,0.0,165.0,47.1,46.9
15,5,2,98765.8,73.3,0.0,150.0,49.0,48.9
15,6,2,99198.8,71.8,24.0,171.0,47.5,47.3
15,7,2,98608.0,72.6,0.0,159.0,48.2,48.1
15,8,2,102653.9,161.7,0.0,369.0,137.7,137.7
15,9,2,102523.2,170.3,0.0,360.0,146.4,146.3
15,10,2,102485.2,174.6,24.0,579.0,150.6,150.5
15,11,2,102716.0,168.4,24.0,348.0,144.4,144.3
15,12,2,102473.2,174.7,0.0,351.0,150.6,150.5
15,13,2,102091.9,159.6,24.0,1092.0,135.8,135.5
15,14,2,102331.2,170.0,24.0,654.0,146.0,145.9
15,15,2,102387.6,168.7,24.0,726.0,144.7,144.6
15,16,2,99562.4,70.4,0.0,168.0,46.4,46.2
15,1,3,110505.9,72.1,24.0,168.0,48.0,47.8
15,2,3,99126.4,73.6,24.0,162.0,49.5,49.4
15,3,3,1383.1,24.0,24.0,36.0,0.3,0.0
15,4,3,99184.7,84.7,25.0,178.0,59.7,59.4
15,5,3,99277.5,71.9,0.0,165.0,47.7,47.6
15,6,3,98489.0,70.9,0.0,156.0,46.8,46.7
15,7,3,98852.4,76.3,24.0,165.0,52.1,52.0
15,8,3,102802.4,163.8,24.0,1257.0,138.0,137.2
15,9,3,103571.0,160.8,24.0,564.0,136.9,136.8
15,10,3,102584.9,168.6,24.0,357.0,144.6,144.6
15,11,3,102658.6,173.3,24.0,492.0,149.2,149.1
15,12,3,102187.7,160.5,24.0,1218.0,137.0,136.4
15,13,3,103147.0,165.3,24.0,558.0,141.4,141.3
15,14,3,102264.9,159.7,21.0,972.0,136.0,135.6
15,15,3,103199.0,172.0,24.0,570.0,147.9,147.8
15,16,3,98835.7,78.0,0.0,189.0,54.1,54.0
15,1,4,108973.2,71.3,0.0,147.0,47.1,47.0
15,2,4,98862.6,74.1,0.0,350.0,48.6,47.6
15,3,4,100134.2,79.8,0.0,174.0,54.1,53.9
15,4,4,1382.2,24.0,24.0,48.0,0.3,0.0
15,5,4,99069.0,79.5,24.0,177.0,55.4,55.2
15,6,4,99028.8,74.8,24.0,168.0,50.6,50.4
15,7,4,99123.2,72.4,24.0,195.0,48.1,48.0
15,8,4,102583.0,174.5,24.0,369.0,150.5,150.4
15,9,4,102669.4,172.5,24.0,555.0,148.3,148.3
15,10,4,103044.3,161.5,24.0,348.0,137.3,137.3
15,11,4,102313.5,156.0,0.0,327.0,131.9,131.8
15,12,4,103098.4,174.0,24.0,360.0,149.7,149.7
15,13,4,102467.4,168.2,24.0,354.0,144.0,144.0
15,14,4,103372.0,161.3,24.0,1188.0,135.3,134.8
15,15,4,103822.2,165.9,0.0,1266.0,141.3,140.6
15,16,4,98959.3,73.1,24.0,156.0,49.2,49.0
15,1,5,109662.7,84.3,0.0,186.0,60.0,59.9
15,2,5,99432.5,78.2,0.0,168.0,54.1,53.8
15,3,5,98996.1,73.2,24.0,159.0,49.0,48.8
15,4,5,99535.8,77.8,18.0,165.0,53.5,53.4
15,5,5,1384.9,24.0,24.0,54.0,0.3,0.0
15,6,5,98918.6,78.5,0.0,174.0,54.2,54.1
15,7,5,99135.2,73.3,0.0,159.0,49.0,48.9
15,8,5,101885.5,153.3,24.0,1239.0,129.6,129.2
15,9,5,102302.9,162.5,24.0,342.0,138.4,138.4
15,10,5,102437.7,167.9,21.0,1203.0,144.2,143.9
15,11,5,102843.9,160.4,0.0,333.0,136.2,136.2
15,12,5,102602.6,168.2,21.0,1248.0,144.5,144.2
15,13,5,102829.0,163.8,24.0,342.0,139.8,139.7
15,14,5,102230.0,162.1,24.0,1155.0,138.4,137.9
15,15,5,102699.3,157.9,21.0,1188.0,134.3,133.8
15,16,5,98922.0,79.1,0.0,183.0,55.0,54.8
15,1,6,109286.2,79.0,24.0,180.0,54.7,54.6
15,2,6,99036.0,84.3,24.0,174.0,60.1,60.0
15,3,6,98983.6,64.5,0.0,141.0,40.2,40.2
15,4,6,99289.8,75.2,21.0,162.0,51.0,50.8
15,5,6,99069.7,68.4,0.0,180.0,43.4,43.2
15,6,6,1379.0,24.1,24.0,33.0,0.5,0.1
15,7,6,98704.5,73.6,24.0,180.0,49.6,49.3
15,8,6,102292.7,155.7,24.0,1254.0,132.1,131.7
15,9,6,102968.3,162.9,24.0,1221.0,139.4,138.8
15,10,6,102542.3,177.6,24.0,555.0,152.1,151.9
15,11,6,102634.8,166.6,24.0,1140.0,142.7,142.4
15,12,6,102642.2,157.5,24.0,1245.0,133.8,133.4
15,13,6,102898.2,170.4,24.0,564.0,146.3,146.2
15,14,6,103879.4,174.4,0.0,1119.0,150.6,150.2
15,15,6,103574.5,164.7,0.0,1179.0,140.7,140.3
15,16,6,99018.0,73.1,24.0,159.0,49.1,48.9
15,1,7,109433.2,74.0,0.0,177.0,49.3,49.2
15,2,7,99923.3,79.6,24.0,174.0,55.2,55.1
15,3,7,98921.3,77.7,24.0,243.0,53.4,53.3
15,4,7,99160.8,79.4,25.0,181.0,54.2,54.1
15,5,7,99235.3,84.9,24.0,315.0,60.6,60.5
15,6,7,99371.8,78.1,24.0,186.0,53.8,53.6
15,7,7,1391.2,24.1,24.0,33.0,0.4,0.1
15,8,7,102294.1,158.5,24.0,561.0,134.4,134.4
15,9,7,102327.8,165.3,24.0,345.0,141.2,141.2
15,10,7,102415.0,169.5,24.0,1101.0,145.6,145.3
15,11,7,102541.0,161.4,24.0,660.0,137.4,137.3
15,12,7,102252.4,161.1,24.0,888.0,137.2,137.0
15,13,7,102724.0,163.9,0.0,1230.0,140.2,139.9
15,14,7,102705.5,163.4,24.0,606.0,139.3,139.3
15,15,7,102969.6,170.6,24.0,366.0,146.5,146.5
15,16,7,99214.3,77.5,0.0,171.0,53.6,53.4
15,1,8,112608.1,161.2,24.0,333.0,137.2,137.2
15,2,8,102225.0,168.0,18.0,1284.0,144.3,143.9
15,3,8,102434.5,161.6,24.0,372.0,137.5,137.4
15,4,8,103551.7,174.3,0.0,561.0,150.3,150.2
15,5,8,102774.1,166.2,24.0,1179.0,142.5,142.2
15,6,8,103401.7,160.4,24.0,1254.0,136.7,136.3
15,7,8,102864.2,164.3,24.0,564.0,140.3,140.2
15,8,8,1383.3,24.0,24.0,51.0,0.3,0.0
15,9,8,99513.5,78.3,24.0,168.0,54.2,54.1
15,10,8,98283.0,74.7,24.0,342.0,50.7,50.6
15,11,8,99015.0,77.8,24.0,180.0,53.8,53.6
15,12,8,99503.7,71.6,24.0,258.0,47.7,47.5
15,13,8,98447.7,73.9,24.0,150.0,49.9,49.9
15,14,8,99019.6,73.4,24.0,303.0,49.5,49.3
15,15,8,98554.6,72.6,24.0,147.0,48.5,48.5
15,16,8,102644.5,158.7,24.0,1254.0,135.0,134.6
15,1,9,111138.0,174.2,21.0,351.0,149.9,149.8
15,2,9,102302.0,157.7,24.0,1251.0,134.2,133.6
15,3,9,102384.1,161.8,24.0,1275.0,138.3,137.7
15,4,9,102910.1,169.2,24.0,1092.0,145.7,145.1
15,5,9,103058.1,161.7,0.0,1251.0,138.5,137.7
15,6,9,102314.5,158.3,24.0,1011.0,134.4,134.2
15,7,9,102324.5,163.3,24.0,330.0,139.3,139.3
15,8,9,98988.9,78.9,21.0,174.0,54.8,54.7
15,9,9,1384.1,24.0,24.0,33.0,0.1,0.0
15,10,9,98701.8,77.3,21.0,165.0,53.4,53.3
15,11,9,98595.5,59.3,24.0,114.0,35.3,35.3
15,12,9,99197.1,72.2,0.0,243.0,48.3,48.2
15,13,9,99560.9,83.0,0.0,168.0,59.2,59.0
15,14,9,99388.6,81.6,24.0,171.0,57.8,57.5
15,15,9,99104.5,76.7,24.0,150.0,52.6,52.6
15,16,9,103095.4,164.0,24.0,804.0,140.1,139.9
15,1,10,112221.6,160.5,24.0,348.0,136.4,136.3
15,2,10,101991.5,168.0,24.0,1236.0,144.3,143.9
15,3,10,103050.3,164.9,24.0,786.0,140.8,140.7
15,4,10,101820.5,157.3,24.0,324.0,133.3,133.3
15,5,10,102117.4,161.6,24.0,1266.0,137.9,137.6
15,6,10,102066.3,153.0,24.0,321.0,129.1,129.0
15,7,10,102600.5,163.0,24.0,573.0,139.0,138.9
15,8,10,98221.5,65.2,24.0,213.0,41.3,41.2
15,9,10,98767.5,78.4,25.0,265.0,53.5,53.3
15,10,10,1387.2,24.0,24.0,33.0,0.1,0.0
15,11,10,98251.8,72.9,0.0,147.0,48.9,48.9
15,12,10,98870.9,84.9,25.0,172.0,60.0,59.8
15,13,10,99362.1,78.2,24.0,165.0,54.3,54.2
15,14,10,99391.5,71.5,24.0,216.0,47.6,47.5
15,15,10,98790.7,75.7,24.0,162.0,51.9,51.6
15,16,10,102522.5,172.3,24.0,1218.0,148.5,148.1
15,1,11,111707.4,171.1,24.0,1236.0,147.5,146.9
15,2,11,102280.2,167.6,24.0,1182.0,143.8,143.4
15,3,11,103019.1,161.7,24.0,354.0,137.6,137.6
15,4,11,102885.3,168.9,0.0,1116.0,145.1,144.8
15,5,11,102538.3,159.1,24.0,561.0,134.9,134.9
15,6,11,102449.6,170.5,24.0,1212.0,146.5,146.2
15,7,11,102470.1,172.5,0.0,1215.0,148.9,148.4
15,8,11,99372.8,78.9,0.0,168.0,55.0,54.9
15,9,11,99087.1,83.0,24.0,264.0,59.2,59.0
15,10,11,98821.8,78.0,21.0,174.0,54.0,53.9
15,11,11,1381.7,24.0,24.0,36.0,0.2,0.0
15,12,11,98854.8,77.3,0.0,174.0,53.4,53.2
15,13,11,98961.4,83.3,21.0,183.0,59.4,59.2
15,14,11,98932.0,79.6,24.0,171.0,55.6,55.5
15,15,11,98936.5,84.2,24.0,171.0,60.3,60.2
15,16,11,102753.5,165.4,24.0,348.0,141.4,141.3
15,1,12,111980.1,163.1,0.0,1170.0,139.4,139.1
15,2,12,102210.2,161.0,24.0,729.0,137.1,136.9
15,3,12,102565.7,165.8,24.0,561.0,141.9,141.8
15,4,12,102634.6,162.8,0.0,606.0,139.0,138.8
15,5,12,102499.1,165.6,24.0,978.0,141.8,141.5
15,6,12,102824.5,164.7,24.0,729.0,140.5,140.4
15,7,12,102505.2,157.8,24.0,1212.0,134.1,133.7
15,8,12,98855.8,84.4,24.0,171.0,60.5,60.4
15,9,12,98289.1,70.8,24.0,147.0,46.8,46.8
15,10,12,98678.5,83.9,0.0,183.0,60.0,59.8
15,11,12,98059.9,65.7,24.0,141.0,41.8,41.7
15,12,12,1383.2,24.0,24.0,33.0,0.1,0.0
15,13,12,99121.7,78.1,24.0,171.0,54.2,54.0
15,14,12,98782.9,84.4,24.0,183.0,60.4,60.3
15,15,12,98903.8,77.9,24.0,168.0,53.9,53.8
15,16,12,102302.0,167.9,22.0,340.0,142.9,142.8
15,1,13,112507.5,171.9,24.0,351.0,147.5,147.4
15,2,13,102004.7,160.1,24.0,1248.0,137.1,136.1
15,3,13,102992.3,172.9,24.0,744.0,148.9,148.9
15,4,13,103035.1,164.6,24.0,1194.0,141.1,140.5
15,5,13,102657.5,163.2,24.0,339.0,139.2,139.1
15,6,13,102615.4,167.2,24.0,345.0,143.0,142.9
15,7,13,103014.7,163.9,24.0,339.0,139.9,139.9
15,8,13,98729.7,73.2,24.0,147.0,49.2,49.1
15,9,13,98442.9,65.6,24.0,141.0,41.6,41.5
15,10,13,99363.6,77.8,24.0,357.0,53.9,53.7
15,11,13,98969.6,73.4,24.0,171.0,49.6,49.4
15,12,13,98323.0,72.8,0.0,147.0,48.8,48.7
15,13,13,1383.4,24.0,24.0,45.0,0.4,0.0
15,14,13,98355.0,72.8,24.0,168.0,48.9,48.8
15,15,13,98453.4,77.4,24.0,150.0,53.4,53.3
15,16,13,102587.2,168.6,24.0,1164.0,144.8,144.5
15,1,14,114012.9,165.0,24.0,354.0,141.0,140.9
15,2,14,101930.1,166.4,25.0,1249.0,141.8,141.3
15,3,14,102116.6,162.7,24.0,576.0,138.8,138.7
15,4,14,102703.2,149.2,24.0,594.0,125.3,125.2
15,5,14,103103.2,168.0,24.0,1269.0,144.8,143.9
15,6,14,102039.7,161.0,18.0,1101.0,137.2,136.9
15,7,14,102756.2,162.6,0.0,1044.0,138.8,138.6
15,8,14,98773.3,77.9,24.0,153.0,53.9,53.8
15,9,14,98816.5,77.9,0.0,163.0,52.9,52.8
15,10,14,98578.0,76.3,0.0,159.0,52.3,52.3
15,11,14,98810.8,78.1,24.0,177.0,54.2,54.0
15,12,14,99892.3,89.9,24.0,318.0,57.5,57.0
15,13,14,100146.7,77.5,24.0,237.0,53.5,53.4
15,14,14,1382.0,24.0,24.0,33.0,0.1,0.0
15,15,14,98970.1,74.7,24.0,162.0,50.6,50.4
15,16,14,102665.0,173.0,0.0,351.0,148.8,148.8
15,1,15,118990.0,161.8,0.0,1248.0,139.1,137.9
15,2,15,102490.3,167.0,24.0,1140.0,141.6,141.2
15,3,15,103178.7,166.0,24.0,1188.0,142.3,142.0
15,4,15,102472.6,165.7,25.0,352.0,140.7,140.6
15,5,15,102251.0,165.1,24.0,330.0,141.1,141.1
15,6,15,102479.3,167.3,24.0,348.0,143.3,143.2
15,7,15,102999.7,161.8,0.0,336.0,137.8,137.7
15,8,15,98549.2,72.5,0.0,156.0,48.5,48.4
15,9,15,99238.6,72.5,24.0,156.0,48.5,48.4
15,10,15,99733.4,84.9,24.0,366.0,51.1,50.2
15,11,15,100114.6,77.5,24.0,153.0,53.5,53.4
15,12,15,98971.5,76.9,24.0,165.0,53.0,52.9
15,13,15,98882.1,82.7,24.0,168.0,58.6,58.5
15,14,15,98888.8,78.9,24.0,174.0,54.9,54.8
15,15,15,1381.6,24.0,24.0,33.0,0.1,0.0
15,16,15,102615.6,157.7,24.0,339.0,133.7,133.6
15,1,16,113560.4,72.6,0.0,150.0,48.4,48.3
15,2,16,98223.6,71.3,21.0,150.0,47.3,47.2
15,3,16,98966.7,79.6,18.0,183.0,55.8,55.5
15,4,16,98477.6,65.5,21.0,150.0,41.5,41.4
15,5,16,98560.2,62.2,24.0,204.0,38.0,37.9
15,6,16,99264.7,84.4,0.0,189.0,60.0,59.9
15,7,16,99054.3,69.6,24.0,156.0,45.5,45.4
15,8,16,102702.2,174.2,0.0,351.0,150.1,150.1
15,9,16,102512.6,163.8,21.0,1266.0,140.1,139.7
15,10,16,102749.5,173.5,0.0,1167.0,149.8,149.5
15,11,16,102682.2,170.2,24.0,1272.0,145.8,145.1
15,12,16,103271.3,161.3,24.0,1239.0,137.6,137.2
15,13,16,102458.8,164.4,24.0,342.0,140.4,140.4
15,14,16,102124.9,169.8,24.0,1257.0,146.1,145.7
15,15,16,102604.7,167.2,24.0,1209.0,143.6,143.1
15,16,16,1387.1,24.0,24.0,33.0,0.1,0.0
34,1,1,1353.8,63.1,57.0,189.0,3.3,1.7
34,2,1,99049.9,161.9,51.0,369.0,105.0,104.3
34,3,1,99763.7,181.1,51.0,423.0,121.9,120.3
34,4,1,98960.4,159.0,51.0,369.0,102.4,101.6
34,5,1,99064.1,183.6,0.0,408.0,126.6,125.4
34,6,1,98492.8,158.0,0.0,369.0,101.8,101.0
34,7,1,98481.9,148.1,51.0,411.0,91.3,90.8
34,8,1,102356.5,228.8,51.0,1320.0,164.6,162.7
34,9,1,101709.5,213.5,51.0,1206.0,154.8,152.9
34,10,1,102260.3,226.7,51.0,1338.0,166.5,164.8
34,11,1,102138.3,223.0,0.0,1110.0,165.5,164.1
34,12,1,102234.1,221.7,51.0,657.0,162.1,160.4
34,13,1,102623.8,225.7,51.0,1230.0,168.1,166.0
34,14,1,101907.6,224.9,51.0,1284.0,165.2,163.3
34,15,1,102675.1,211.1,51.0,1272.0,157.2,155.1
34,16,1,98947.6,174.1,51.0,414.0,119.3,118.8
34,1,2,99917.0,174.0,0.0,399.0,118.3,117.7
34,2,2,1360.8,62.4,57.0,96.0,1.7,1.1
34,3,2,98283.7,159.2,57.0,351.0,96.0,95.4
34,4,2,98429.9,169.5,51.0,408.0,113.0,112.4
34,5,2,98428.0,159.8,51.0,408.0,103.8,103.4
34,6,2,98957.3,162.3,0.0,612.0,104.9,103.5
34,7,2,98449.5,159.7,51.0,366.0,103.4,102.7
34,8,2,102389.1,214.8,51.0,636.0,159.6,158.4
34,9,2,101667.2,211.1,51.0,1296.0,157.5,155.6
34,10,2,102233.2,226.0,51.0,693.0,170.8,170.1
34,11,2,101998.3,219.4,51.0,1290.0,165.5,163.6
34,12,2,102267.2,225.2,51.0,1236.0,170.0,168.4
34,13,2,102066.0,222.0,51.0,1233.0,166.8,165.4
34,14,2,101714.1,204.7,51.0,1167.0,149.8,148.5
34,15,2,101969.2,220.9,51.0,1143.0,167.2,166.1
34,16,2,98193.3,146.1,51.0,351.0,91.3,90.7
34,1,3,108435.3,159.3,51.0,363.0,103.1,102.4
34,2,3,98437.9,160.2,51.0,399.0,105.1,104.6
34,3,3,1356.5,62.3,57.0,135.0,2.0,1.4
34,4,3,98397.2,159.7,0.0,411.0,103.6,102.9
34,5,3,98573.7,169.2,0.0,453.0,112.7,111.9
34,6,3,99627.2,171.3,54.0,528.0,109.4,108.0
34,7,3,99338.9,162.6,51.0,393.0,105.2,104.2
34,8,3,102301.7,224.3,51.0,1299.0,167.9,165.9
34,9,3,101829.5,215.0,0.0,1203.0,160.2,158.7
34,10,3,102617.3,219.8,51.0,654.0,166.3,165.3
34,11,3,101918.6,205.1,0.0,627.0,148.9,147.6
34,12,3,102349.8,210.4,0.0,1206.0,156.8,155.4
34,13,3,102122.2,231.3,51.0,660.0,166.6,164.8
34,14,3,102361.0,219.4,51.0,1239.0,165.6,164.0
34,15,3,102448.3,215.5,51.0,1290.0,161.7,159.6
34,16,3,99619.4,174.4,51.0,441.0,118.8,118.0
34,1,4,109001.0,154.3,0.0,375.0,98.6,98.0
34,2,4,98970.7,162.1,0.0,390.0,105.8,104.7
34,3,4,98912.1,174.7,51.0,405.0,118.3,117.6
34,4,4,1356.6,63.1,57.0,117.0,2.6,1.5
34,5,4,99453.5,174.0,51.0,399.0,116.1,114.6
34,6,4,99439.5,164.1,51.0,462.0,106.8,104.6
34,7,4,99426.6,174.2,51.0,402.0,118.3,117.8
34,8,4,101863.8,207.6,0.0,1293.0,148.9,147.0
34,9,4,102184.8,228.8,51.0,1140.0,170.8,169.1
34,10,4,102356.8,216.3,0.0,1239.0,161.8,159.7
34,11,4,102573.1,226.2,51.0,1302.0,164.6,162.7
34,12,4,101788.2,203.6,0.0,618.0,148.9,147.5
34,13,4,102407.8,213.1,51.0,1482.0,157.7,156.1
34,14,4,102652.6,221.8,51.0,1326.0,166.0,164.1
34,15,4,102672.9,212.6,0.0,1290.0,156.8,154.6
34,16,4,98317.1,165.9,51.0,372.0,110.5,109.8
34,1,5,109581.5,183.4,0.0,441.0,128.0,127.4
34,2,5,99157.3,158.0,51.0,363.0,102.5,102.0
34,3,5,98943.3,184.2,51.0,438.0,126.6,125.0
34,4,5,98242.3,145.3,51.0,372.0,90.0,89.5
34,5,5,1363.2,63.0,57.0,117.0,2.6,1.2
34,6,5,98827.2,160.3,51.0,363.0,104.2,103.5
34,7,5,99164.7,158.8,51.0,459.0,102.8,102.0
34,8,5,102940.5,231.0,51.0,678.0,165.3,163.4
34,9,5,102214.0,212.6,51.0,1233.0,158.9,157.8
34,10,5,102374.7,210.4,0.0,1014.0,155.9,154.6
34,11,5,102126.6,209.1,51.0,1314.0,152.0,149.2
34,12,5,102994.7,229.2,51.0,1218.0,165.5,163.5
34,13,5,102587.9,221.1,0.0,1296.0,167.4,165.5
34,14,5,101838.3,213.6,51.0,672.0,155.8,154.5
34,15,5,102641.4,216.3,51.0,936.0,162.7,161.3
34,16,5,99340.4,171.8,0.0,390.0,117.0,116.5
34,1,6,108418.8,230.0,0.0,492.0,157.7,156.9
34,2,6,100028.5,183.0,51.0,468.0,127.0,125.9
34,3,6,98720.8,146.0,0.0,336.0,85.8,85.5
34,4,6,99088.2,169.4,51.0,402.0,113.9,113.3
34,5,6,98438.1,144.0,0.0,333.0,87.8,87.3
34,6,6,1350.0,62.7,48.0,84.0,2.0,1.3
34,7,6,98967.9,174.7,51.0,417.0,116.7,115.4
34,8,6,102091.6,233.2,51.0,1134.0,169.7,167.6
34,9,6,102074.6,207.2,51.0,624.0,153.1,151.8
34,10,6,101520.8,209.9,51.0,1122.0,149.0,147.5
34,11,6,102289.3,213.4,51.0,1056.0,154.7,152.8
34,12,6,102290.0,232.6,0.0,666.0,169.9,168.2
34,13,6,102678.1,213.5,51.0,1083.0,154.4,152.7
34,14,6,102477.5,211.8,0.0,1293.0,159.0,157.2
34,15,6,102250.4,210.9,51.0,1260.0,156.8,155.2
34,16,6,98256.2,170.7,0.0,370.0,111.1,110.3
34,1,7,110057.2,181.7,51.0,444.0,126.1,125.1
34,2,7,99574.8,173.6,0.0,405.0,116.5,115.7
34,3,7,98385.5,146.6,0.0,375.0,91.2,90.6
34,4,7,98411.2,158.9,0.0,393.0,103.4,102.7
34,5,7,99192.0,183.8,0.0,423.0,126.4,125.1
34,6,7,98484.8,151.5,0.0,432.0,99.0,96.1
34,7,7,1356.3,62.5,57.0,108.0,1.8,1.1
34,8,7,102220.5,215.8,51.0,726.0,162.1,160.7
34,9,7,102134.3,216.7,51.0,1173.0,162.4,161.0
34,10,7,102166.7,223.0,52.0,1318.0,168.9,166.7
34,11,7,101869.2,206.0,51.0,612.0,152.6,151.2
34,12,7,102786.2,220.2,51.0,639.0,166.4,165.3
34,13,7,102290.5,216.0,51.0,1326.0,162.9,161.4
34,14,7,102272.9,227.4,51.0,636.0,167.8,166.5
34,15,7,102698.3,224.9,51.0,975.0,167.6,166.1
34,16,7,99585.0,172.9,0.0,375.0,117.1,115.9
34,1,8,112499.6,307.9,51.0,711.0,257.1,243.5
34,2,8,102295.3,326.1,0.0,1500.0,265.7,256.1
34,3,8,102565.4,316.8,51.0,1446.0,265.3,253.0
34,4,8,102266.1,265.3,0.0,1143.0,219.2,201.3
34,5,8,102538.5,280.8,0.0,1050.0,239.4,222.9
34,6,8,102797.4,326.8,0.0,702.0,267.6,254.1
34,7,8,102319.1,277.7,0.0,1260.0,236.5,220.6
34,8,8,1356.6,62.9,51.0,114.0,2.4,1.2
34,9,8,98712.5,158.0,51.0,372.0,104.5,103.0
34,10,8,98382.2,154.5,0.0,453.0,100.7,99.0
34,11,8,98967.3,192.2,0.0,582.0,135.1,130.2
34,12,8,98411.5,149.5,51.0,570.0,95.8,94.0
34,13,8,98535.7,163.5,51.0,405.0,109.0,107.1
34,14,8,98874.4,168.0,51.0,402.0,113.8,112.4
34,15,8,99010.5,188.4,0.0,462.0,131.4,127.5
34,16,8,103147.1,283.5,51.0,897.0,235.9,218.8
34,1,9,111957.2,233.8,51.0,1242.0,169.0,167.3
34,2,9,101859.6,209.3,51.0,1239.0,155.3,154.3
34,3,9,102721.0,220.4,51.0,1230.0,160.5,159.2
34,4,9,102766.2,220.9,51.0,1224.0,166.1,165.2
34,5,9,101981.0,215.4,51.0,1290.0,156.8,155.0
34,6,9,101685.1,197.7,51.0,939.0,142.4,141.6
34,7,9,102785.1,226.8,51.0,1191.0,167.3,166.0
34,8,9,98244.7,156.6,51.0,354.0,100.3,99.5
34,9,9,1358.1,62.4,57.0,111.0,1.9,1.2
34,10,9,99387.7,171.7,51.0,372.0,116.7,115.9
34,11,9,99403.7,156.9,51.0,360.0,102.1,101.4
34,12,9,99275.5,172.5,51.0,384.0,117.6,116.9
34,13,9,99521.4,162.9,51.0,369.0,107.8,106.9
34,14,9,98780.3,172.9,51.0,384.0,115.6,114.2
34,15,9,98498.3,146.9,51.0,351.0,91.8,91.3
34,16,9,102626.3,218.8,0.0,894.0,161.9,159.6
34,1,10,102407.7,240.7,0.0,1302.0,195.2,184.3
34,2,10,101901.7,216.8,51.0,1104.0,158.7,157.7
34,3,10,102409.5,229.9,51.0,876.0,166.5,165.5
34,4,10,101836.6,205.6,0.0,618.0,150.9,148.8
34,5,10,101846.4,211.1,51.0,1302.0,156.3,154.5
34,6,10,101792.0,203.9,51.0,630.0,149.3,147.8
34,7,10,101570.6,200.2,51.0,717.0,146.1,145.2
34,8,10,98342.6,167.7,51.0,462.0,114.1,113.7
34,9,10,98182.8,158.8,51.0,360.0,104.0,103.5
34,10,10,1357.0,62.5,57.0,141.0,1.9,1.1
34,11,10,98646.1,169.7,51.0,369.0,115.2,114.6
34,12,10,98272.5,165.6,51.0,375.0,111.0,110.3
34,13,10,98768.5,172.9,51.0,420.0,119.0,117.7
34,14,10,99357.3,182.7,51.0,998.0,120.2,118.7
34,15,10,100176.6,174.4,51.0,381.0,118.1,117.3
34,16,10,102450.9,227.4,0.0,1311.0,170.5,168.8
34,1,11,113456.8,216.8,51.0,1257.0,161.6,160.1
34,2,11,101681.4,209.0,0.0,1245.0,155.5,153.6
34,3,11,101585.6,201.2,0.0,612.0,146.9,146.2
34,4,11,102104.5,222.5,0.0,1263.0,168.1,166.9
34,5,11,102146.0,214.0,0.0,1209.0,159.4,158.1
34,6,11,102520.8,231.7,0.0,1320.0,164.6,162.9
34,7,11,102302.3,213.4,0.0,1281.0,159.2,157.8
34,8,11,98116.9,157.5,51.0,357.0,101.0,100.2
34,9,11,99023.3,182.0,0.0,408.0,127.4,126.4
34,10,11,98131.9,155.8,51.0,345.0,101.2,100.7
34,11,11,1359.9,62.8,57.0,117.0,2.1,1.2
34,12,11,98798.5,173.2,51.0,372.0,116.6,115.4
34,13,11,98966.3,160.4,0.0,910.0,105.4,104.1
34,14,11,98379.6,150.8,51.0,333.0,95.3,94.8
34,15,11,98890.8,164.8,51.0,402.0,110.3,109.9
34,16,11,102473.0,225.2,0.0,657.0,164.9,163.9
34,1,12,112081.6,209.1,51.0,846.0,154.1,153.1
34,2,12,101974.0,206.2,0.0,1239.0,149.2,147.8
34,3,12,102143.9,222.6,51.0,687.0,167.3,166.5
34,4,12,102223.5,220.2,51.0,648.0,160.2,159.1
34,5,12,101947.2,208.9,51.0,1239.0,154.9,153.5
34,6,12,101753.4,209.1,51.0,1206.0,149.3,147.9
34,7,12,101903.4,208.2,0.0,1266.0,152.8,151.9
34,8,12,98822.2,147.6,51.0,366.0,91.5,90.9
34,9,12,98343.2,156.0,51.0,420.0,100.9,100.4
34,10,12,98997.6,191.8,51.0,465.0,136.2,133.4
34,11,12,98860.6,171.4,51.0,369.0,114.0,112.9
34,12,12,1355.9,62.4,54.0,132.0,1.9,1.1
34,13,12,98862.5,172.6,51.0,408.0,115.4,114.2
34,14,12,98843.8,155.8,51.0,381.0,102.1,101.8
34,15,12,99601.9,188.6,51.0,402.0,132.1,128.7
34,16,12,102316.2,214.8,0.0,711.0,157.6,156.4
34,1,13,113667.1,203.5,51.0,621.0,147.8,146.7
34,2,13,101931.9,217.8,0.0,1215.0,154.6,153.1
34,3,13,101684.6,197.1,51.0,660.0,142.8,141.2
34,4,13,102117.4,209.3,0.0,1146.0,155.3,154.2
34,5,13,102815.4,223.9,51.0,1272.0,170.1,168.8
34,6,13,102839.6,230.7,51.0,639.0,166.6,165.2
34,7,13,102731.6,225.5,0.0,669.0,166.0,165.2
34,8,13,98236.0,155.6,51.0,504.0,101.1,100.6
34,9,13,98939.4,165.8,51.0,372.0,107.4,105.6
34,10,13,99033.2,167.1,48.0,378.0,116.1,115.2
34,11,13,99397.4,163.5,51.0,393.0,105.4,104.1
34,12,13,98835.3,171.4,52.0,409.0,115.3,114.6
34,13,13,1359.9,62.6,60.0,84.0,2.3,1.3
34,14,13,98834.4,160.2,51.0,348.0,105.8,105.4
34,15,13,98855.0,168.6,0.0,504.0,114.0,113.4
34,16,13,102537.3,224.8,51.0,1161.0,163.0,161.7
34,1,14,115047.4,226.5,0.0,696.0,170.4,169.3
34,2,14,101913.0,214.5,51.0,1311.0,159.7,158.8
34,3,14,102156.7,225.3,51.0,660.0,167.1,165.9
34,4,14,102057.0,220.2,51.0,744.0,159.3,158.6
34,5,14,102875.3,232.8,0.0,1302.0,171.8,168.8
34,6,14,101894.1,219.1,51.0,1188.0,159.9,158.5
34,7,14,101980.1,213.1,0.0,1287.0,154.9,153.8
34,8,14,98301.2,151.7,0.0,354.0,90.8,90.6
34,9,14,98887.0,173.7,0.0,402.0,119.0,118.4
34,10,14,98278.4,165.7,51.0,381.0,112.2,111.8
34,11,14,98808.3,175.0,51.0,438.0,119.4,118.3
34,12,14,98771.5,181.8,51.0,417.0,125.9,125.2
34,13,14,98974.7,172.1,0.0,393.0,115.0,113.6
34,14,14,1354.0,62.4,60.0,114.0,1.9,1.2
34,15,14,98840.2,156.8,51.0,459.0,101.9,101.4
34,16,14,102502.8,235.5,51.0,723.0,171.9,170.1
34,1,15,117780.0,214.3,51.0,747.0,156.8,154.8
34,2,15,102654.0,223.5,51.0,666.0,165.1,164.0
34,3,15,102207.0,216.1,51.0,1245.0,161.6,160.0
34,4,15,102041.5,210.5,51.0,1305.0,153.6,152.3
34,5,15,102670.6,222.3,51.0,1278.0,166.2,165.1
34,6,15,102694.1,222.4,51.0,1224.0,168.5,166.2
34,7,15,102709.1,223.9,0.0,1125.0,161.8,160.5
34,8,15,98237.8,160.4,51.0,357.0,104.9,104.4
34,9,15,98517.1,164.9,51.0,438.0,109.9,109.2
34,10,15,98944.7,170.9,51.0,405.0,115.8,115.2
34,11,15,98832.0,182.4,51.0,435.0,125.7,124.3
34,12,15,98927.0,172.6,51.0,375.0,116.2,115.0
34,13,15,99507.3,178.1,51.0,396.0,119.4,118.5
34,14,15,98927.8,169.6,51.0,417.0,115.3,114.6
34,15,15,1356.9,62.5,0.0,117.0,1.9,1.1
34,16,15,102021.4,209.7,0.0,1203.0,154.4,153.1
34,1,16,124184.5,176.9,0.0,402.0,120.8,118.8
34,2,16,98777.5,184.6,51.0,474.0,127.0,125.4
34,3,16,99391.7,172.3,51.0,390.0,117.5,116.7
34,4,16,98697.4,167.7,51.0,432.0,112.5,111.8
34,5,16,99625.8,176.4,51.0,432.0,119.6,118.5
34,6,16,98581.0,167.2,0.0,393.0,112.8,112.3
34,7,16,98399.4,160.2,51.0,642.0,104.7,104.1
34,8,16,102548.9,230.6,51.0,798.0,172.0,170.5
34,9,16,102522.9,222.5,51.0,1158.0,168.2,166.6
34,10,16,102046.9,209.0,51.0,1191.0,151.7,149.0
34,11,16,102191.1,223.2,51.0,1311.0,168.0,166.4
34,12,16,102054.5,214.7,0.0,636.0,160.4,159.3
34,13,16,102304.1,216.8,0.0,792.0,162.1,160.9
34,14,16,102753.1,225.2,51.0,1209.0,171.7,170.2
34,15,16,102591.3,227.6,51.0,645.0,166.5,165.0
34,16,16,1355.1,62.3,57.0,105.0,1.8,1.2
